date,diff,trans,volatil,bidask,price,volume,transpm
2/25/16 0:00:00,1.63492E+11,216290,0.877869356,0.395402891,422.8333977,24149802.62,295.3938889
2/26/16 0:00:00,1.63492E+11,203635,0.564051758,0.359819572,423.8474435,30326448.07,270.0197222
2/27/16 0:00:00,1.63492E+11,182177,0.471312083,0.397193552,431.9130384,176380016.3,227.7324306
2/28/16 0:00:00,1.63492E+11,233436,0.668661935,0.411491302,428.9475297,135437733.1,259.0785417
2/29/16 0:00:00,1.63492E+11,265320,0.93664255,0.476493649,436.1603541,411475681.7,377.59875
3/1/16 0:00:00,1.63492E+11,277094,0.839368113,0.451516197,434.0343421,35229169.46,353.0997222
3/2/16 0:00:00,1.63492E+11,270206,0.692355507,0.431897445,431.7015553,31632192.58,341.9152778
3/3/16 0:00:00,1.63492E+11,221652,0.747036134,0.43082817,421.5647314,38828588.77,357.2486806
3/4/16 0:00:00,1.63492E+11,207485,0.726340889,0.448965095,419.3611551,37433547.98,302.9449306
3/5/16 0:00:00,1.58427E+11,234992,1.477092024,0.499025996,403.525223,56067023.96,401.1349306
3/6/16 0:00:00,1.58427E+11,161739,0.871768432,0.490739646,403.8018406,28275397.21,360.2329167
3/7/16 0:00:00,1.58427E+11,183255,0.642180664,0.415160725,409.4471703,30176913.68,297.3922222
3/8/16 0:00:00,1.58427E+11,200298,0.618174248,0.401326187,412.3785668,25287957.64,260.59375
3/9/16 0:00:00,1.58427E+11,190388,0.823550139,0.403794609,411.9064158,24068775.39,255.40625
3/10/16 0:00:00,1.58427E+11,188726,0.46568362,0.432674766,413.6450777,27684342.26,233.1079167
3/11/16 0:00:00,1.58427E+11,189816,0.448796968,0.479243144,419.3728178,29487169.49,284.75125
3/12/16 0:00:00,1.58427E+11,168013,0.573960685,0.439654014,413.6272535,28630780.71,295.3627083
3/13/16 0:00:00,1.58427E+11,149803,0.420412498,0.44483702,412.6842996,18808253.46,233.6196528
3/14/16 0:00:00,1.58427E+11,191341,0.420867419,0.433368377,413.8608791,23890993.6,231.7569444
3/15/16 0:00:00,1.58427E+11,202426,0.433846794,0.363904523,415.6295895,23599627.33,243.3599306
3/16/16 0:00:00,1.58427E+11,211992,0.42419132,0.346072827,415.4597049,22909001.32,220.8302778
3/17/16 0:00:00,1.58427E+11,208319,0.452405814,0.356361299,418.6867175,21593083.82,203.9954861
3/18/16 0:00:00,1.65497E+11,206022,0.602443951,0.373481357,413.6143735,31935161.69,310.2365972
3/19/16 0:00:00,1.65497E+11,177478,0.609410742,0.393841368,408.3393493,18638779.13,229.1320139
3/20/16 0:00:00,1.65497E+11,178143,0.404779861,0.421809521,411.0785337,16181975.73,194.5541667
3/21/16 0:00:00,1.65497E+11,199006,0.412791723,0.355752039,410.909528,21253161.63,216.9523611
3/22/16 0:00:00,1.65497E+11,205208,0.406453571,0.333441008,416.1253634,24963365.95,225.5128472
3/23/16 0:00:00,1.65497E+11,186808,0.444922351,0.414231654,417.5071515,21655125.01,208.1565972
3/24/16 0:00:00,1.65497E+11,190094,0.3550569,0.376569512,416.1659298,20158308.06,209.4473611
3/25/16 0:00:00,1.65497E+11,172309,0.407718557,0.482230267,415.6654344,17639290.37,196.7604167
3/26/16 0:00:00,1.65497E+11,159049,0.339651787,0.588304201,416.3498371,15214096.22,166.7910417
3/27/16 0:00:00,1.65497E+11,160266,0.494380285,0.559840986,420.0907777,30108791.64,230.9952778
3/28/16 0:00:00,1.65497E+11,196080,0.449483853,0.568876726,423.5872161,22750934.77,207.5284722
3/29/16 0:00:00,1.65497E+11,197409,0.608739321,0.5698672,418.5411888,33598493.46,315.6555556
3/30/16 0:00:00,1.65497E+11,201028,0.504348036,0.302444174,413.5464101,22286050.14,306.7453472
3/31/16 0:00:00,1.65497E+11,206476,0.413791133,0.309268486,415.779943,21677294.76,254.0238889
4/1/16 0:00:00,1.66852E+11,211922,0.457366059,0.356088987,416.2177881,19241204.61,181.2492361
4/2/16 0:00:00,1.66852E+11,183503,0.398729793,0.356902958,419.2552339,16289536.99,157.1395833
4/3/16 0:00:00,1.66852E+11,178429,0.35474875,0.325155689,418.7796623,13676771.88,150.9909722
4/4/16 0:00:00,1.66852E+11,208929,0.399409581,0.330288881,419.2249393,17865838.46,143.7197917
4/5/16 0:00:00,1.66852E+11,216176,0.556486247,0.304228627,421.8705293,19910103.94,171.6270833
4/6/16 0:00:00,1.66852E+11,219290,0.385398382,0.331442775,422.0442441,18067963.31,157.2370139
4/7/16 0:00:00,1.66852E+11,218463,0.385717826,0.418970109,420.9372313,20171283.61,150.9899306
4/8/16 0:00:00,1.66852E+11,214191,0.482962593,0.424609459,421.2631694,23389301.39,198.1347222
4/9/16 0:00:00,1.66852E+11,196441,0.568076169,0.514688365,417.3910186,14485757.61,223.2421528
4/10/16 0:00:00,1.66852E+11,186954,0.450003546,0.495687266,419.7385536,11804860.63,141.0126389
4/11/16 0:00:00,1.66852E+11,230040,0.380402364,0.44540869,421.1423663,16896361.7,169.7413194
4/12/16 0:00:00,1.66852E+11,240206,0.438962088,0.352809423,424.7344938,26137556.69,244.5844444
4/13/16 0:00:00,1.66852E+11,223506,0.394983586,0.328416568,424.6585538,18593783.08,187.3492361
4/14/16 0:00:00,1.78678E+11,227928,0.309803792,0.332041433,424.1742304,15633721.58,149.4633333
4/15/16 0:00:00,1.78678E+11,212178,0.424690463,0.330592689,427.1631507,23434913.46,197.1359722
4/16/16 0:00:00,1.78678E+11,182004,0.421465673,0.351154438,430.0557748,14972745.42,193.4202778
4/17/16 0:00:00,1.78678E+11,192428,0.378438455,0.349305459,428.3752086,13822023.18,143.8958333
4/18/16 0:00:00,1.78678E+11,220395,0.393042,0.366164175,427.9053981,18520422.88,144.8519444
4/19/16 0:00:00,1.78678E+11,226511,0.530095622,0.356075496,429.294228,22474263.11,155.6434028
4/20/16 0:00:00,1.78678E+11,216780,3.992759061,0.4560956,437.5407614,33935199.91,226.325625
4/21/16 0:00:00,1.78678E+11,212795,0.914357176,0.50206691,443.4474733,29421948.33,308.0545833
4/22/16 0:00:00,1.78678E+11,210976,0.793116041,0.587115751,445.9259835,25323783.41,264.0959028
4/23/16 0:00:00,1.78678E+11,185216,0.792872052,0.716601976,446.8809177,19409468.94,198.7324306
4/24/16 0:00:00,1.78678E+11,183155,0.789889513,0.963208612,453.2665452,32922638.64,344.9045139
4/25/16 0:00:00,1.78678E+11,217564,1.50730275,0.799717428,458.0512393,37764251.1,378.1523611
4/26/16 0:00:00,1.78678E+11,250744,1.97234333,0.489950899,463.28599,31466589.76,318.9720139
4/27/16 0:00:00,1.78678E+11,239435,1.001239685,0.461796429,458.2877413,46846215.6,312.3584028
4/28/16 0:00:00,1.78678E+11,247957,1.040713963,0.5091151,445.1638546,36916130.93,458.2108333
4/29/16 0:00:00,1.78659E+11,261884,0.542779518,0.44899247,450.1299174,22938831.07,238.5397917
4/30/16 0:00:00,1.78659E+11,215712,0.553803075,0.447715754,452.1630467,18983463.29,238.0574306
5/1/16 0:00:00,1.78659E+11,191430,0.552259589,0.452021516,450.7243144,11840872.4,176.4127778
5/2/16 0:00:00,1.78659E+11,223785,0.606933532,0.492564788,446.8776878,33427845.19,274.6823611
5/3/16 0:00:00,1.78659E+11,235609,0.490352433,0.595712671,447.1980743,22558542.62,224.0810417
5/4/16 0:00:00,1.78659E+11,233691,0.493551226,0.492970633,447.7403334,18253514.83,210.2923611
5/5/16 0:00:00,1.78659E+11,229573,0.476990883,0.45168893,447.1103567,19380527.36,180.5320833
5/6/16 0:00:00,1.78659E+11,233232,0.64360841,0.440992781,451.7235982,31327293.83,206.4886111
5/7/16 0:00:00,1.78659E+11,202062,1.077370556,0.43899196,458.1475173,14803844.71,202.7809028
5/8/16 0:00:00,1.78659E+11,189025,0.545232704,0.506896169,458.1295734,13789951.05,179.8299306
5/9/16 0:00:00,1.78659E+11,226449,0.451800052,0.659854963,459.217293,22899056.14,201.7259722
5/10/16 0:00:00,1.78659E+11,245721,0.612568335,0.57075668,456.290093,28977886.57,285.3248611
5/11/16 0:00:00,1.94255E+11,234412,0.480729655,0.459436189,453.5541461,18874922.13,201.8409028
5/12/16 0:00:00,1.94255E+11,228409,0.478289546,0.329248089,452.464483,22472601.27,229.5214583
5/13/16 0:00:00,1.94255E+11,232146,0.454651003,0.256097212,455.3342548,15823487.55,169.1229861
5/14/16 0:00:00,1.94255E+11,211280,0.357341357,0.423298575,455.9609731,9994627.451,203.834375
5/15/16 0:00:00,1.94255E+11,200171,0.684516463,0.471691355,456.5086295,10648580.56,185.2011111
5/16/16 0:00:00,1.94255E+11,239809,0.842867175,0.585656408,455.9222198,17660778.63,219.7275694
5/17/16 0:00:00,1.94255E+11,238626,0.571511282,0.470635352,453.8573151,16811328.3,171.9752083
5/18/16 0:00:00,1.94255E+11,235083,0.362911316,0.452915242,454.752262,15008821.99,146.5193056
5/19/16 0:00:00,1.94255E+11,219145,0.746524649,0.497664118,450.0197136,31338619.21,213.1908333
5/20/16 0:00:00,1.94255E+11,209396,0.819901756,0.565354661,441.0055831,20948594.04,208.7509722
5/21/16 0:00:00,1.94255E+11,191461,0.67226353,0.53424184,441.7094699,11082943.13,134.2788194
5/22/16 0:00:00,1.94255E+11,184348,0.487147108,0.614807072,441.6417277,13265314.18,134.0563194
5/23/16 0:00:00,1.94255E+11,222754,0.490630703,0.590333158,441.7683837,16575092.56,135.5588194
5/24/16 0:00:00,1.99312E+11,246517,0.479232263,0.363723192,445.0739771,15560240.64,136.8263194
5/25/16 0:00:00,1.99312E+11,247841,0.492111695,0.376176573,448.10757,17592294.81,158.1928472
5/26/16 0:00:00,1.99312E+11,220091,0.51330836,0.452347007,450.6477927,16961689.83,189.8461111
5/27/16 0:00:00,1.99312E+11,215296,1.225951061,0.627129239,469.9883261,61469350.14,358.8654861
5/28/16 0:00:00,1.99312E+11,193054,2.153165583,0.774967485,492.9681489,73439461.33,432.8826389
5/29/16 0:00:00,1.99312E+11,178742,3.154821529,1.332575061,523.424892,75375035,465.2289583
5/30/16 0:00:00,1.99312E+11,211368,1.535214728,0.896811955,531.1460147,42879252.48,316.5243056
5/31/16 0:00:00,1.99312E+11,215249,1.743288686,0.635730445,534.7964687,63411317.5,106.454375
6/1/16 0:00:00,1.99312E+11,234384,1.134182478,0.634297185,533.1524785,38661979.86,208.015
6/2/16 0:00:00,1.99312E+11,231099,2.997334931,0.500113871,537.9735031,30354543.31,338.0931944
6/3/16 0:00:00,1.99312E+11,234669,1.547500772,0.511107988,553.4297692,64230329.52,372.7539583
6/4/16 0:00:00,1.99312E+11,196665,1.882433256,0.54203668,573.4476256,48786100.9,409.4882639
6/5/16 0:00:00,1.99312E+11,189802,1.026778537,0.771226957,575.5175805,35274530.81,365.1934722
6/6/16 0:00:00,1.99312E+11,221171,1.029857529,0.757590412,580.8803423,38296458.63,311.6565278
6/7/16 0:00:00,1.99312E+11,231016,2.729692365,0.442971258,580.3031218,55351105.74,349.7147917
6/8/16 0:00:00,1.99312E+11,229933,0.863165439,0.566816471,575.5131491,41545196.45,277.9454861
6/9/16 0:00:00,1.96061E+11,236353,1.018821649,0.577531216,576.5017072,43756526.21,259.0741667
6/10/16 0:00:00,1.96061E+11,228367,0.764094608,0.677993706,576.2122025,39085359.94,247.4877083
6/11/16 0:00:00,1.96061E+11,213159,1.562129006,0.627849301,582.5906881,47531638.2,244.2444444
6/12/16 0:00:00,1.96061E+11,210711,2.549257778,0.793665541,640.1504819,159105105.7,453.0492361
6/13/16 0:00:00,1.96061E+11,251354,3.16040984,0.844738145,686.6876265,147854007.4,516.6379861
6/14/16 0:00:00,1.96061E+11,246829,2.121514114,0.874436932,686.5997392,90687098.04,440.2759722
6/15/16 0:00:00,1.96061E+11,259202,1.49456655,0.765556659,684.0683273,52070352.33,429.8022222
6/16/16 0:00:00,1.96061E+11,267870,4.030660759,0.925589994,735.4773819,170740822.9,528.6954861
6/17/16 0:00:00,1.96061E+11,253752,3.334102057,0.784605145,746.5448594,136328960.9,560.6059722
6/18/16 0:00:00,1.96061E+11,235317,2.560697057,0.596093383,750.4397315,90896866.13,496.1913194
6/19/16 0:00:00,1.96061E+11,218298,1.848180643,0.577567067,753.8621106,43965588.14,477.7944444
6/20/16 0:00:00,1.96061E+11,249334,2.265395299,0.539329593,747.0370957,78484227.53,432.3254861
6/21/16 0:00:00,2.09453E+11,248164,5.197730777,0.854887879,680.7926208,168253920.8,653.9815972
6/22/16 0:00:00,2.09453E+11,235641,4.283629976,0.901292008,649.5266355,128779881,666.3159722
6/23/16 0:00:00,2.09453E+11,241300,4.778627296,0.903037294,591.6317914,147358470.9,757.6652778
6/24/16 0:00:00,2.09453E+11,237625,3.630661017,1.005961512,654.1508628,128104603.9,728.926875
6/25/16 0:00:00,2.09453E+11,206919,3.002874993,0.872422387,670.5183652,72208687.96,611.0554167
6/26/16 0:00:00,2.09453E+11,181348,2.627689034,1.007237645,640.8083945,57692427,612.1205556
6/27/16 0:00:00,2.09453E+11,217029,2.184366828,1.058117599,639.0278138,67058895.46,547.5159722
6/28/16 0:00:00,2.09453E+11,212607,1.7657426,0.983329092,648.5802477,57253400.39,489.9726389
6/29/16 0:00:00,2.09453E+11,224112,1.523085951,0.856656571,634.6470808,74802497.78,503.0921528
6/30/16 0:00:00,2.09453E+11,231960,1.64753069,0.623624806,652.7205934,71087819.44,449.2270833
7/1/16 0:00:00,2.09453E+11,205801,2.268947832,0.612112178,674.3251643,72982893.14,480.1329167
7/2/16 0:00:00,2.09453E+11,198875,1.349105016,0.611580562,685.4160815,60321849.98,440.1034722
7/3/16 0:00:00,2.09453E+11,177127,2.491229819,0.716767507,672.9489641,68885693.98,548.5997222
7/4/16 0:00:00,2.13399E+11,213900,1.712577866,0.593732676,668.999353,38420547.78,508.4552778
7/5/16 0:00:00,2.13399E+11,214959,1.662287223,0.527831935,670.8324385,33627029.23,458.6496528
7/6/16 0:00:00,2.13399E+11,214691,1.481229512,0.458893698,670.8838211,31028132.66,419.7375
7/7/16 0:00:00,2.13399E+11,215548,2.665605882,0.722304116,641.3043463,102446183.2,587.8593056
7/8/16 0:00:00,2.13399E+11,210701,1.687754948,0.826888841,646.5100323,51723123.51,463.2560417
7/9/16 0:00:00,2.13399E+11,185405,2.533916761,0.841373705,650.2791383,80683115.49,520.5573611
7/10/16 0:00:00,2.13399E+11,162608,1.236043151,0.742620662,646.3859329,36594139.34,401.4695139
7/11/16 0:00:00,2.13399E+11,218089,2.249332644,0.804981195,648.3888781,39553041.44,389.2197917
7/12/16 0:00:00,2.13399E+11,219034,1.513869477,0.9059303,656.4929473,66259675.92,362.16625
7/13/16 0:00:00,2.13399E+11,216503,1.624589818,0.826203117,662.284684,62432011.6,348.2047917
7/14/16 0:00:00,2.13399E+11,217695,1.003887093,0.837603884,657.3198501,50786417.83,350.7667361
7/15/16 0:00:00,2.13399E+11,216081,0.932217942,0.694946491,662.9364505,39791946.42,320.8363194
7/16/16 0:00:00,2.13399E+11,182192,0.881150751,0.534779663,663.1588659,26301070.96,257.0534722
7/17/16 0:00:00,2.13399E+11,171013,1.130686219,0.515141082,669.1208277,35510264.64,293.7507639
7/18/16 0:00:00,2.13493E+11,222835,1.005812882,0.591273382,675.7202723,33674555.06,343.9861806
7/19/16 0:00:00,2.13493E+11,222146,3.305411665,0.663977646,669.9997768,22213010.92,277.4843056
7/20/16 0:00:00,2.13493E+11,227429,1.05210995,0.527428042,668.28879,25840411.12,307.5452778
7/21/16 0:00:00,2.13493E+11,217606,0.773843825,0.436169034,663.17055,22229523.29,250.0919444
7/22/16 0:00:00,2.13493E+11,221404,1.069249612,0.412101475,659.6796268,44775286.92,301.9177083
7/23/16 0:00:00,2.13493E+11,195796,0.927032261,0.497101822,653.2103428,26268923.41,288.3344444
7/24/16 0:00:00,2.13493E+11,183890,1.060969773,0.495501189,656.5332997,25740649.06,251.9051389
7/25/16 0:00:00,2.13493E+11,239715,0.962061267,0.482640448,655.990763,25541876.23,255.0281944
7/26/16 0:00:00,2.13493E+11,237673,1.022956608,0.455993645,651.8341609,34255461.5,238.7321528
7/27/16 0:00:00,2.13493E+11,235603,1.539932757,0.477208223,653.1645788,29142943.03,276.1992361
7/28/16 0:00:00,2.13493E+11,234863,0.831165487,0.532586809,655.0937287,18722795.49,217.5855556
7/29/16 0:00:00,2.13493E+11,231414,0.746280983,0.423114079,655.7391191,18949113.39,189.1930556
7/30/16 0:00:00,2.13493E+11,199484,0.65208926,0.417779757,655.1520182,13003281.78,161.2515278
7/31/16 0:00:00,2.13493E+11,192254,1.242481939,0.557934853,635.6890398,46037014.55,298.8251389
8/1/16 0:00:00,2.13493E+11,225049,1.255851471,0.707734331,620.2563179,45513945.31,389.6835417
8/2/16 0:00:00,2.13493E+11,251098,7.131007833,0.685939984,591.9566117,82052271.56,577.9208333
8/3/16 0:00:00,2.01893E+11,241782,2.507975708,1.233574161,550.2323023,52045724.85,618.9760031
8/4/16 0:00:00,2.01893E+11,231835,1.662234221,1.388905939,572.7381783,28541369.88,635.9782407
8/5/16 0:00:00,2.01893E+11,228244,1.016490229,1.575526216,572.4254747,19447953.18,411.4998457
8/6/16 0:00:00,2.01893E+11,195669,1.19970907,1.569799052,575.2887645,26357179.94,335.3597222
8/7/16 0:00:00,2.01893E+11,192414,1.12205932,1.511547861,590.3341071,22783797.47,440.2339506
8/8/16 0:00:00,2.01893E+11,235295,1.374782044,1.474257196,590.1478285,17169580.58,377.6820988
8/9/16 0:00:00,2.01893E+11,231400,0.901087987,1.532163557,587.0532616,17677507.28,411.9976852
8/10/16 0:00:00,2.01893E+11,244740,1.0174217,1.40121503,590.8177185,39040121.94,333.2523611
8/11/16 0:00:00,2.01893E+11,254515,0.816310816,1.082564187,593.4479862,27409182.41,283.2273611
8/12/16 0:00:00,2.01893E+11,232973,0.803634538,1.105664964,587.3153874,17868747.08,324.1702778
8/13/16 0:00:00,2.01893E+11,214569,0.714616827,1.111376286,587.2248494,13392745.49,269.1283333
8/14/16 0:00:00,2.01893E+11,200174,1.058319682,1.047814609,576.646713,22863876.93,333.6684722
8/15/16 0:00:00,2.17375E+11,202896,0.93456626,1.058665416,569.7188665,21598265.78,330.569375
8/16/16 0:00:00,2.17375E+11,254431,0.985679191,1.001609793,573.1198682,24746567.88,349.4953472
8/17/16 0:00:00,2.17375E+11,238003,1.304420448,1.008103137,575.9179072,24961665.75,286.5754167
8/18/16 0:00:00,2.17375E+11,239541,0.719065631,1.022873821,575.1399075,27362080.91,245.4126389
8/19/16 0:00:00,2.17375E+11,246095,0.765858673,1.161268042,575.4716533,18687284.33,231.2431944
8/20/16 0:00:00,2.17375E+11,208224,0.681279668,1.138452402,578.5097874,19156740.77,207.9960417
8/21/16 0:00:00,2.17375E+11,184904,0.667796011,1.091780666,581.9284895,16464844.27,214.9551389
8/22/16 0:00:00,2.17375E+11,228373,0.842091728,1.068634441,584.5335772,22480182.24,211.7391667
8/23/16 0:00:00,2.17375E+11,239021,0.6395197,0.963415637,585.1500665,22175974.38,295.6796528
8/24/16 0:00:00,2.17375E+11,235130,0.601195895,0.967136193,582.1518103,19385391.13,236.2854861
8/25/16 0:00:00,2.17375E+11,234009,1.085420451,0.977444077,577.2440964,20962529.2,242.0215278
8/26/16 0:00:00,2.17375E+11,226767,0.528543916,0.94912435,579.3445188,14162376.45,226.9075
8/27/16 0:00:00,2.17375E+11,191098,0.60521335,0.988089172,574.3260664,12822455.33,246.0689583
8/28/16 0:00:00,2.17375E+11,174489,0.541819657,0.999775023,572.6688771,8706273.443,203.9716667
8/29/16 0:00:00,2.20756E+11,225282,0.588842278,0.989305092,575.1770015,14869916.86,206.3901389
8/30/16 0:00:00,2.20756E+11,252002,0.736694673,0.982896615,577.4403887,17714148.95,209.0116667
8/31/16 0:00:00,2.20756E+11,225360,1.063913055,0.995244854,574.2403722,18330249.08,196.2802083
9/1/16 0:00:00,2.20756E+11,237466,1.385427057,0.751278446,575.319578,16804128.49,207.3297917
9/2/16 0:00:00,2.20756E+11,225856,1.494453691,0.521065957,577.2897382,16915685.8,186.5647917
9/3/16 0:00:00,2.20756E+11,182204,1.442259663,0.454297695,582.1198213,41164513.51,213.2872917
9/4/16 0:00:00,2.20756E+11,183244,1.190993192,0.376839697,604.8187711,25021828.45,361.661875
9/5/16 0:00:00,2.20756E+11,227683,1.427644423,0.467763977,607.060705,24749761.93,300.5380556
9/6/16 0:00:00,2.20756E+11,232118,1.193198254,0.46571417,608.5249308,15769927.74,252.7840972
9/7/16 0:00:00,2.20756E+11,250809,1.03625711,0.337046063,612.2567719,17342365.11,184.6161111
9/8/16 0:00:00,2.20756E+11,227006,0.902136871,0.354821986,622.2924153,24028227.63,275.2568056
9/9/16 0:00:00,2.20756E+11,220534,1.194951589,0.511266442,624.4053877,18012548.63,262.5321528
9/10/16 0:00:00,2.20756E+11,193320,0.682506756,0.551074801,626.3404999,14410552.25,187.2863194
9/11/16 0:00:00,2.20756E+11,180391,1.296822302,0.586848797,622.9217192,21278901.17,278.7007639
9/12/16 0:00:00,2.25833E+11,208649,1.644144492,0.702057233,610.5118938,25453578.76,241.4152083
9/13/16 0:00:00,2.25833E+11,239886,1.158543264,0.763252411,612.321211,33660379.05,203.0009722
9/14/16 0:00:00,2.25833E+11,231800,1.185716617,0.741621494,614.0080525,15760827.48,190.323125
9/15/16 0:00:00,2.25833E+11,233488,0.484761601,0.608129462,611.002838,13624344.7,166.6750694
9/16/16 0:00:00,2.25833E+11,211128,0.719851809,0.59806805,610.5484313,13173821.09,166.5129167
9/17/16 0:00:00,2.25833E+11,215529,0.92900365,0.56710258,609.2911064,9323323.904,160.2469444
9/18/16 0:00:00,2.25833E+11,191603,0.499061428,0.626882175,610.1854495,9865344.985,190.6145139
9/19/16 0:00:00,2.25833E+11,223540,0.508082581,0.511149584,611.2102092,13917010.09,177.4280556
9/20/16 0:00:00,2.25833E+11,244315,0.78063508,0.509520129,610.5267214,14573913.47,165.7598611
9/21/16 0:00:00,2.25833E+11,239216,2.435053888,0.58276733,601.4110143,22673521.12,249.2686806
9/22/16 0:00:00,2.25833E+11,231227,0.830134949,0.518076388,599.5319979,14751133.75,201.125
9/23/16 0:00:00,2.25833E+11,223187,0.498403422,0.450515276,600.8648835,15745723.43,237.3593056
9/24/16 0:00:00,2.25833E+11,208650,0.498822972,0.476875473,604.2527135,7814379.638,185.7123611
9/25/16 0:00:00,2.41227E+11,195642,0.541152813,0.447903752,602.3790572,7754900.924,201.3175
9/26/16 0:00:00,2.41227E+11,230769,0.976156382,0.519665936,606.1522112,16702788.19,247.5214583
9/27/16 0:00:00,2.41227E+11,240335,0.523876756,0.541601081,607.2516565,15701038.44,221.5813194
9/28/16 0:00:00,2.41227E+11,234995,1.1220273,0.489706552,606.6927675,11377497.13,179.8189583
9/29/16 0:00:00,2.41227E+11,242730,1.091206646,0.352826324,608.0561961,15449848.71,204.1123611
9/30/16 0:00:00,2.41227E+11,250943,0.77029775,0.350132593,607.8343391,15054390.07,200.5726389
10/1/16 0:00:00,2.41227E+11,213930,0.544806804,0.402101147,614.3443047,10015250.69,206.1859028
10/2/16 0:00:00,2.41227E+11,192683,1.389406637,0.324477746,612.9725346,10023230.74,151.7447222
10/3/16 0:00:00,2.41227E+11,258805,1.193197907,0.284710922,612.5035634,13651153.62,129.9510417
10/4/16 0:00:00,2.41227E+11,264662,0.630590427,0.261953707,611.004079,14886832.8,127.5734722
10/5/16 0:00:00,2.41227E+11,266811,3.587983456,0.355314831,612.884502,13330957.79,150.6413889
10/6/16 0:00:00,2.41227E+11,274486,1.879213571,0.430858664,613.2867555,12839504.85,110.526875
10/7/16 0:00:00,2.41227E+11,266324,1.417087747,0.376334196,615.8840712,18740788.22,162.5968056
10/8/16 0:00:00,2.58523E+11,250672,0.496274483,0.319266691,618.3920061,8057780.366,135.68375
10/9/16 0:00:00,2.58523E+11,210548,0.420588908,0.389713351,617.0666284,7964389.053,153.7642361
10/10/16 0:00:00,2.58523E+11,222996,0.642685929,0.344597783,617.3741232,16131183.49,190.4129167
10/11/16 0:00:00,2.58523E+11,263565,1.632451719,0.402040716,632.4347713,33340464.64,371.6973611
10/12/16 0:00:00,2.58523E+11,233440,0.897131898,0.527044766,639.6159363,17385468.29,274.3089583
10/13/16 0:00:00,2.58523E+11,229703,2.171554117,0.56677768,638.6442284,17065928.8,220.3736111
10/14/16 0:00:00,2.58523E+11,239724,1.385546195,0.404352388,637.8551278,18460412.35,205.9730556
10/15/16 0:00:00,2.58523E+11,210448,0.489177679,0.388672641,639.9926439,7692798.394,190.5940972
10/16/16 0:00:00,2.58523E+11,197876,1.56013678,0.415987069,640.2696824,8280848.845,181.490625
10/17/16 0:00:00,2.58523E+11,237232,0.542042612,0.352863448,639.0261185,18582140.71,184.2297917
10/18/16 0:00:00,2.58523E+11,251521,0.817565946,0.345087293,637.6674787,16646977.4,212.3354167
10/19/16 0:00:00,2.58523E+11,199083,0.692616827,0.377461036,632.5352201,23579261.81,237.0409028
10/20/16 0:00:00,2.58523E+11,270380,1.323451073,0.34739146,629.6080977,13843702.23,223.4507639
10/21/16 0:00:00,2.58523E+11,265355,0.949965685,0.366443998,631.8738384,19085128.92,191.399375
10/22/16 0:00:00,2.58523E+11,216708,1.475248593,0.407875242,642.3401786,25072797.99,317.6865278
10/23/16 0:00:00,2.53618E+11,191578,1.061686574,0.378638989,654.5904676,13273291.83,343.5209028
10/24/16 0:00:00,2.53618E+11,226980,1.426264894,0.462593803,651.3984951,21063615.25,289.4739583
10/25/16 0:00:00,2.53618E+11,237030,0.712465737,0.26385305,655.3074792,27331851.28,271.1942361
10/26/16 0:00:00,2.53618E+11,223316,1.717209471,0.240592487,665.0751625,34004369.32,389.0105556
10/27/16 0:00:00,2.53618E+11,326388,1.43540463,0.194347965,681.6864268,30807765.56,408.5389583
10/28/16 0:00:00,2.53618E+11,250876,1.075083513,0.254663901,686.0609328,25070833.66,338.4473611
10/29/16 0:00:00,2.53618E+11,229689,1.400081027,0.408730461,705.8155372,32802537.51,469.8154167
10/30/16 0:00:00,2.53618E+11,207982,1.502092822,0.436916107,704.0784751,25257364.29,457.4263889
10/31/16 0:00:00,2.53618E+11,241778,1.675802055,0.304625044,699.7329862,26186365.88,480.5095139
11/1/16 0:00:00,2.53618E+11,246650,1.616371833,0.301880995,721.7589711,44744818.15,490.5695139
11/2/16 0:00:00,2.53618E+11,268418,1.239078218,0.343688072,726.8494081,29415723.57,454.8313194
11/3/16 0:00:00,2.53618E+11,271998,2.66493498,0.318539476,724.5645218,65538575.22,728.1527778
11/4/16 0:00:00,2.53618E+11,248043,1.913807453,0.34694987,699.4379964,34004118.99,694.1354861
11/5/16 0:00:00,2.5462E+11,238215,0.905922174,0.298923142,703.141842,15546607.92,438.6592361
11/6/16 0:00:00,2.5462E+11,225786,1.345379391,0.313079891,709.1287339,17509728.98,475.3047917
11/7/16 0:00:00,2.5462E+11,274281,1.004059111,0.304854027,705.2771552,18849470.73,525.290625
11/8/16 0:00:00,2.5462E+11,296060,0.9649636,0.242630445,707.6114742,26409662.91,451.6108333
11/9/16 0:00:00,2.5462E+11,270095,1.555121181,0.268615116,725.4650081,46810531.24,580.1359722
11/10/16 0:00:00,2.5462E+11,271374,1.018184756,0.288302606,715.6629188,23087882.46,472.0241667
11/11/16 0:00:00,2.5462E+11,254619,1.421596395,0.322981911,716.1461885,17097179.84,438.2174306
11/12/16 0:00:00,2.5462E+11,228886,0.996022575,0.334392714,709.9249062,14931466.41,426.4842361
11/13/16 0:00:00,2.5462E+11,219657,1.560701121,0.379623661,698.3639265,22982606.42,543.3463889
11/14/16 0:00:00,2.5462E+11,270506,0.939525864,0.372398768,703.32663,24239337.29,444.8544444
11/15/16 0:00:00,2.5462E+11,280352,1.378286295,0.306515784,711.9112755,26397199.11,485.3289583
11/16/16 0:00:00,2.5462E+11,289789,8.465923117,0.814914865,725.0998771,53771622.45,630.0317361
11/17/16 0:00:00,2.5462E+11,277460,1.415927619,1.059228534,743.8171194,44690191.13,626.8884028
11/18/16 0:00:00,2.81801E+11,275925,1.695214982,1.054091187,743.8223028,27628400.59,533.5552778
11/19/16 0:00:00,2.81801E+11,249760,1.333290306,0.945803356,749.7805789,19139679.51,442.9218056
11/20/16 0:00:00,2.81801E+11,243591,1.534262444,0.970470111,741.9046409,31925543.45,599.9334722
11/21/16 0:00:00,2.81801E+11,285793,0.892979742,0.866578544,735.4409714,24306882.82,484.1446528
11/22/16 0:00:00,2.81801E+11,285635,1.257809809,0.206863747,743.2102845,32662448.21,471.3715278
11/23/16 0:00:00,2.81801E+11,276924,1.595090257,0.212454476,744.3066091,25069127.97,549.8880556
11/24/16 0:00:00,2.81801E+11,328538,1.119183628,0.883191506,739.5362321,25696505.49,535.2053472
11/25/16 0:00:00,2.81801E+11,315387,0.904578501,0.918358007,736.6682418,20503451.01,446.1365972
11/26/16 0:00:00,2.81801E+11,277608,1.215579881,0.912987814,735.7482894,15464763.57,434.3554861
11/27/16 0:00:00,2.81801E+11,237389,1.71844827,0.780955914,733.7359095,16313988.79,429.3581944
11/28/16 0:00:00,2.81801E+11,298530,0.782068028,0.806761791,736.2990081,23699648.85,366.50375
11/29/16 0:00:00,2.81801E+11,289650,0.825716387,0.804505204,734.0481025,23959520.99,310.9910417
11/30/16 0:00:00,2.81801E+11,292654,1.468623835,0.29652958,739.6827322,28036460.52,320.0653472
12/1/16 0:00:00,2.81801E+11,239682,1.046900961,0.149241647,749.1758482,33928061.63,363.6167361
12/2/16 0:00:00,2.86766E+11,315478,1.296264545,0.204177983,768.5836215,42606919.81,522.1620139
12/3/16 0:00:00,2.86766E+11,287988,1.067731892,0.249519406,765.6404873,18650168.36,422.9049306
12/4/16 0:00:00,2.86766E+11,245650,0.97076718,0.227713846,765.0813086,16404113.88,388.2002083
12/5/16 0:00:00,2.86766E+11,278001,1.718593049,0.242239171,756.7646454,33032340.06,508.9788194
12/6/16 0:00:00,2.86766E+11,319762,1.186250987,0.235772503,757.9309461,28392663.31,434.7678472
12/7/16 0:00:00,2.86766E+11,310754,0.923503704,0.25123403,762.5863612,29995554.24,340.6029167
12/8/16 0:00:00,2.86766E+11,282711,0.990010296,0.298526997,768.6090739,24571868.9,370.3278472
12/9/16 0:00:00,2.86766E+11,268815,0.865780766,0.309139875,770.5819091,20817095.02,359.7272222
12/10/16 0:00:00,2.86766E+11,250241,1.285220026,0.329786271,774.9232831,15580657.74,329.7063889
12/11/16 0:00:00,2.86766E+11,229933,0.897146937,0.292184256,769.1368634,14038464.29,334.8059028
12/12/16 0:00:00,2.86766E+11,268662,0.918608528,0.212912705,776.2038665,24134247.79,377.9359722
12/13/16 0:00:00,2.86766E+11,291757,1.050977332,0.319215895,779.6446442,27192536.28,372.4328472
12/14/16 0:00:00,2.86766E+11,286328,0.907293981,0.319296761,778.1382984,19882411.89,364.6238194
12/15/16 0:00:00,3.10154E+11,282685,0.791908918,0.326405822,777.8038869,22089395.86,297.1602778
12/16/16 0:00:00,3.10154E+11,279361,0.833629633,0.331565948,780.3870174,23775605.13,382.8688889
12/17/16 0:00:00,3.10154E+11,238130,1.117751465,0.336140926,789.2192509,21767306.34,368.7531944
12/18/16 0:00:00,3.10154E+11,235789,0.848834945,0.332274154,789.0455624,14241415.31,312.314375
12/19/16 0:00:00,3.10154E+11,282129,0.783944228,0.324496503,791.2757963,23101396.26,256.8895833
12/20/16 0:00:00,3.10154E+11,296473,0.724183651,0.318281163,792.499409,29147645.86,296.3426389
12/21/16 0:00:00,3.10154E+11,325677,1.37098277,0.289783081,814.4280861,54367254.62,507.4278472
12/22/16 0:00:00,3.10154E+11,314644,5.853614361,0.297204175,858.6727004,66044894.97,664.3704861
12/23/16 0:00:00,3.10154E+11,304997,2.782822834,0.306624807,900.0509382,94698172.84,737.8409028
12/24/16 0:00:00,3.10154E+11,240820,2.286604612,0.24656713,903.3235778,37811616.99,660.7925
12/25/16 0:00:00,3.10154E+11,197364,2.172103332,0.300559636,877.0067262,38314007.93,612.4127778
12/26/16 0:00:00,3.10154E+11,244914,1.725512702,0.262930133,901.563333,37006649.12,591.2870833
12/27/16 0:00:00,3.10154E+11,296546,1.980667237,0.20466294,918.7565343,45502022.14,564.6929861
12/28/16 0:00:00,3.17688E+11,305394,2.353650964,0.25531464,955.846731,71502839.16,706.9502778
12/29/16 0:00:00,3.17688E+11,304605,2.067553529,0.249003532,968.4565184,61752974.78,646.42875
12/30/16 0:00:00,3.17688E+11,286818,2.153360351,0.191030389,952.933137,64179349.36,684.8736806
12/31/16 0:00:00,3.17688E+11,250273,1.72335497,0.192019509,955.9220267,27072456.34,647.1154167
1/1/17 0:00:00,3.17688E+11,180502,1.532321104,0.191735463,975.3794824,41857254.57,528.4056944
1/2/17 0:00:00,3.17688E+11,290951,2.930377789,0.280841509,1015.567064,67682694.38,631.8905556
1/3/17 0:00:00,3.17688E+11,301664,2.296969785,0.384504243,1021.924406,56845274.56,658.7395139
1/4/17 0:00:00,3.17688E+11,328642,4.688273763,0.405804458,1081.448335,157455494,876.64
1/5/17 0:00:00,3.17688E+11,288501,10.75419556,0.528097532,1046.983904,233600439.5,1014.969306
1/6/17 0:00:00,3.17688E+11,346405,7.215641276,0.447037436,932.5794354,153734742.1,1060.248333
1/7/17 0:00:00,3.17688E+11,282060,6.461913786,0.331202011,871.3523672,104527572.2,952.6859722
1/8/17 0:00:00,3.17688E+11,260101,3.5987403,0.307143811,913.4413105,63948577.37,822.7929167
1/9/17 0:00:00,3.17688E+11,269947,2.987228787,0.232424731,894.3781481,51137358.45,795.4998611
1/10/17 0:00:00,3.369E+11,323888,2.063428629,0.200105126,906.5611796,49065337.12,712.9198611
1/11/17 0:00:00,3.369E+11,303058,5.870401162,0.377075506,844.7248234,156463645.8,893.2909722
1/12/17 0:00:00,3.369E+11,295125,4.694897613,0.892334459,785.7758794,86506834.5,837.8997222
1/13/17 0:00:00,3.369E+11,272747,3.344786488,0.484192143,808.3866016,66343144.93,688.8019444
1/14/17 0:00:00,3.369E+11,242269,2.456473733,0.259975612,827.850596,34921894.79,519.3640972
1/15/17 0:00:00,3.369E+11,235999,1.965542515,0.27492895,818.776514,21311944.42,402.7894444
1/16/17 0:00:00,3.369E+11,267640,1.951664144,0.317447526,828.9852566,30146496.57,356.6388889
1/17/17 0:00:00,3.369E+11,292697,3.242921658,0.445562175,876.2695623,78384733.65,538.2616667
1/18/17 0:00:00,3.369E+11,297100,3.208462215,0.706154797,886.0109378,63886857.04,574.3059028
1/19/17 0:00:00,3.369E+11,300605,2.151541763,0.206764038,894.0286368,55912709.4,462.3717361
1/20/17 0:00:00,3.369E+11,298377,1.728886414,0.207791991,896.2196164,38456053.27,360.1221528
1/21/17 0:00:00,3.369E+11,263562,1.976195354,0.214307609,918.2547485,39326708.29,351.0133333
1/22/17 0:00:00,3.92963E+11,236886,2.18594544,0.221087277,922.8638161,49733124.25,380.1341667
1/23/17 0:00:00,3.92963E+11,235530,1.816159738,0.227582747,921.1066432,32542061.6,270.3738194
1/24/17 0:00:00,3.92963E+11,278177,2.323413441,0.34774586,908.8113035,56104560.71,73.75027778
1/25/17 0:00:00,3.92963E+11,304727,1.638246247,0.491892868,897.7349632,34235860.81,17.91097222
1/26/17 0:00:00,3.92963E+11,313755,1.365076034,0.353892425,907.7296163,33886105.71,15.49548611
1/27/17 0:00:00,3.92963E+11,263332,1.274744688,0.292468345,918.0703864,30766632.77,16.65395833
1/28/17 0:00:00,3.92963E+11,246395,1.067549215,0.181029225,919.615029,14517639.6,12.33756944
1/29/17 0:00:00,3.92963E+11,241627,0.94971631,0.140687659,919.9219861,12169752.91,11.51131944
1/30/17 0:00:00,3.92963E+11,247408,1.078174755,0.144733058,919.3971649,19348462.27,11.78923611
1/31/17 0:00:00,3.92963E+11,307683,1.800529655,0.149798031,941.9686427,57631867.13,17.90479167
2/1/17 0:00:00,3.92963E+11,350560,1.691282438,0.197880081,972.2134194,43670301.03,18.75430556
2/2/17 0:00:00,3.92963E+11,259559,1.70007528,0.184696296,992.42625,58805143.23,17.56847222
2/3/17 0:00:00,3.92963E+11,323563,2.435482442,0.203518105,1012.727232,67167013.24,22.14159722
2/4/17 0:00:00,4.22171E+11,284778,1.996473768,0.199206393,1017.895875,50938082.41,18.02902778
2/5/17 0:00:00,4.22171E+11,292101,1.771240946,0.16421002,1021.043584,39684866.98,14.60416667
2/6/17 0:00:00,4.22171E+11,230027,1.510131659,0.154390561,1022.635885,38008896.77,14.29111111
2/7/17 0:00:00,4.22171E+11,325268,1.663041105,0.193337348,1042.072152,53411710.8,18.01819444
2/8/17 0:00:00,4.22171E+11,308316,2.397654051,0.20423804,1054.0024,76089593.12,23.04402778
2/9/17 0:00:00,4.22171E+11,346544,5.204986614,0.230270221,1021.67818,159092656.3,37.87847222
2/10/17 0:00:00,4.22171E+11,301789,3.006042437,0.258783371,977.6834553,65574087.84,21.37645833
2/11/17 0:00:00,4.22171E+11,262686,2.247972298,0.200079172,1007.303082,33034552.77,14.33361111
2/12/17 0:00:00,4.22171E+11,237744,1.258069194,0.122368065,1004.786326,18922072.05,10.46458333
2/13/17 0:00:00,4.22171E+11,288290,2.005106949,0.154109502,999.0515226,35809554.85,14.41125
2/14/17 0:00:00,4.22171E+11,315084,2.005285379,0.132846891,1007.699577,45377204.29,13.951875
2/15/17 0:00:00,4.22171E+11,294786,1.448559928,0.126171452,1011.028748,29055260.92,9.829097222
2/16/17 0:00:00,4.22171E+11,283203,1.778034618,0.134184111,1027.448797,48542563.07,12.90645833
2/17/17 0:00:00,4.22171E+11,319767,1.958578407,0.145219604,1046.156082,55464878.31,13.55645833
2/18/17 0:00:00,4.4078E+11,286143,2.362195979,0.15643847,1060.52977,34373928.94,10.21194444
2/19/17 0:00:00,4.4078E+11,251721,1.63355819,0.22763369,1053.551128,24110358.4,8.459444444
2/20/17 0:00:00,4.4078E+11,282728,1.810970966,0.228960442,1057.62317,39303255.21,11.02479167
2/21/17 0:00:00,4.4078E+11,279090,2.680563514,0.242161379,1098.990636,75641238.64,17.42027778
2/22/17 0:00:00,4.4078E+11,282194,3.651256648,0.332582439,1118.812147,61584047.08,14.621875
2/23/17 0:00:00,4.4078E+11,325913,2.450895128,0.337257743,1143.364369,86788795.38,17.28402778
2/24/17 0:00:00,4.4078E+11,343805,4.773790015,0.284285986,1178.822928,144364932.5,27.32923611
2/25/17 0:00:00,4.4078E+11,326521,2.955279779,0.244255871,1164.845901,53725761.12,14.31020833
2/26/17 0:00:00,4.4078E+11,265203,2.575257555,0.204991269,1160.792967,41227123.32,11.78131944
2/27/17 0:00:00,4.4078E+11,284555,2.44397359,0.212882878,1182.763475,49103893.26,14.10166667
2/28/17 0:00:00,4.4078E+11,325414,2.642829304,0.283302738,1190.732861,64073654.56,14.654375
3/1/17 0:00:00,4.4078E+11,315883,2.164096812,0.324668572,1204.026681,69511599.99,14.41256944
3/2/17 0:00:00,4.4078E+11,329428,2.941313649,0.313447375,1236.933489,108211374.1,18.79368056
3/3/17 0:00:00,4.60769E+11,337310,3.062676817,0.315646015,1271.349822,93846506.84,17.46291667
3/4/17 0:00:00,4.60769E+11,265780,2.787815331,0.29311654,1271.393137,51216310.32,12.13854167
3/5/17 0:00:00,4.60769E+11,280739,2.470191954,0.28559694,1262.058266,35863660.69,9.202152778
3/6/17 0:00:00,4.60769E+11,287731,1.820548668,0.300620327,1273.636016,44774260.02,10.70076389
3/7/17 0:00:00,4.60769E+11,327902,4.12710063,0.260904357,1252.329126,118632719.3,18.03159722
3/8/17 0:00:00,4.60769E+11,297108,4.996075261,0.240273421,1196.904835,126122283.1,23.11375
3/9/17 0:00:00,4.60769E+11,303632,3.885387993,0.258715613,1175.556969,71291372.62,14.54736111
3/10/17 0:00:00,4.60769E+11,308482,9.891836589,0.386985156,1203.581407,250876794.3,33.87888889
3/11/17 0:00:00,4.60769E+11,280681,4.237377037,0.666871243,1171.985515,83636220.67,16.36805556
3/12/17 0:00:00,4.60769E+11,221110,3.070383013,0.468147612,1198.097795,55328127.81,11.85833333
3/13/17 0:00:00,4.60769E+11,273079,3.315423571,0.455422378,1231.998232,71636058.92,17.64472222
3/14/17 0:00:00,4.60769E+11,310395,3.644321358,0.499127658,1241.421375,59000993.02,12.28159722
3/15/17 0:00:00,4.60769E+11,292434,3.05533443,0.573025957,1250.495978,54648360.08,11.67930556
3/16/17 0:00:00,4.60769E+11,327034,4.695023818,0.631660075,1221.803154,144562349.6,24.56263889
3/17/17 0:00:00,4.75705E+11,292196,6.805534075,0.695266152,1134.821518,164876260.9,30.23826389
3/18/17 0:00:00,4.75705E+11,263530,7.464642813,0.736319802,1040.435913,189581169.8,32.62944444
3/19/17 0:00:00,4.75705E+11,269336,5.708765678,0.386348373,1019.41057,101893815.5,20.20756944
3/20/17 0:00:00,4.75705E+11,277033,3.749264556,0.275609508,1042.868727,61460587.75,14.48743056
3/21/17 0:00:00,4.75705E+11,288055,3.688449563,0.221802627,1090.673262,93617773.56,16.07652778
3/22/17 0:00:00,4.75705E+11,316593,4.981818613,0.254748856,1062.290732,110808256.8,20.559375
3/23/17 0:00:00,4.75705E+11,287871,2.991420999,0.313219375,1046.119846,55586666.92,12.92493056
3/24/17 0:00:00,4.75705E+11,289521,4.240636959,0.517074793,999.073482,118879312.3,22.95472222
3/25/17 0:00:00,4.75705E+11,242975,6.6803184,0.720310938,934.9987649,103350840,21.88777778
3/26/17 0:00:00,4.75705E+11,221915,3.897282695,0.77516627,974.2930676,75597386.59,16.07486111
3/27/17 0:00:00,4.75705E+11,232291,3.475441734,0.710106326,1003.931965,85027090.37,16.32597222
3/28/17 0:00:00,4.75705E+11,294001,3.256908652,0.597625284,1039.352979,78230108.96,14.65416667
3/29/17 0:00:00,4.75705E+11,283931,4.233653871,0.661756679,1032.925138,68611796.39,14.50180556
3/30/17 0:00:00,4.99636E+11,288788,4.178307231,0.598512,1030.441088,72105414.67,18.94965278
3/31/17 0:00:00,4.99636E+11,259403,2.978279793,0.51264925,1053.977146,87348173.05,17.99354167
4/1/17 0:00:00,4.99636E+11,255871,2.397385088,0.434892079,1081.516214,50605838.68,13.88111111
4/2/17 0:00:00,4.99636E+11,244203,2.463824234,0.447552177,1087.092251,63801216.61,14.47138889
4/3/17 0:00:00,4.99636E+11,288141,3.047534799,0.397365526,1131.355704,97304098.11,20.95486111
4/4/17 0:00:00,4.99636E+11,256015,4.131946757,0.408429252,1143.5689,74495482.84,16.16847222
4/5/17 0:00:00,4.99636E+11,316555,2.470720041,0.581312033,1131.067184,70541517.88,15.6675
4/6/17 0:00:00,4.99636E+11,290465,2.69981632,0.543753121,1165.176416,96295916.57,18.64819444
4/7/17 0:00:00,4.99636E+11,295463,2.719831372,0.407483046,1188.258898,66241262.64,13.87256944
4/8/17 0:00:00,4.99636E+11,226959,2.476850135,0.379869883,1185.344642,35696194.72,9.036875
4/9/17 0:00:00,4.99636E+11,238286,1.909471252,0.607040992,1193.416741,50266083.43,10.82395833
4/10/17 0:00:00,4.99636E+11,273384,1.911735705,0.512316803,1207.416752,47812051.05,11.00736111
4/11/17 0:00:00,4.99636E+11,307893,2.06683701,0.469177824,1213.98222,47031711.81,10.13090278
4/12/17 0:00:00,4.99636E+11,278093,1.91485141,0.493648719,1219.152105,49658392.69,11.96458333
4/13/17 0:00:00,5.20809E+11,228679,3.146076715,0.3794682,1192.112059,70521263.83,14.77333333
4/14/17 0:00:00,5.20809E+11,290208,6.443474979,0.308434188,1186.628193,54103789.03,12.44069444
4/15/17 0:00:00,5.20809E+11,270705,2.6109188,0.524633909,1187.944108,30757259.8,9.165902778
4/16/17 0:00:00,5.20809E+11,211829,1.848858582,0.527415852,1185.925684,22298444.93,6.829305556
4/17/17 0:00:00,5.20809E+11,245184,2.390192476,0.52020037,1191.438594,50945142.53,11.98090278
4/18/17 0:00:00,5.20809E+11,303091,2.431386523,0.543407437,1213.75341,58948563.13,12.78333333
4/19/17 0:00:00,5.20809E+11,310104,2.418161466,0.550733777,1214.565918,49920992.9,12.19131944
4/20/17 0:00:00,5.20809E+11,267915,2.260626763,0.489825331,1230.820985,65202070.71,13.92354167
4/21/17 0:00:00,5.20809E+11,330354,1.928051818,0.484513686,1253.905279,48659166.89,16.35569444
4/22/17 0:00:00,5.20809E+11,268712,2.195300984,0.353113501,1250.085926,50536160.28,17.25076389
4/23/17 0:00:00,5.20809E+11,245039,2.190394698,0.252928707,1252.600683,48234956.12,26.04881944
4/24/17 0:00:00,5.20809E+11,222671,2.298699988,0.284471771,1254.986327,46614547.02,14.95319444
4/25/17 0:00:00,5.20809E+11,325387,4.506741648,0.26576558,1272.448042,54533817.23,18.38944444
4/26/17 0:00:00,5.20809E+11,334471,2.386599978,0.525224579,1297.921323,77478774.5,19.80479167
4/27/17 0:00:00,5.21975E+11,297884,2.703162905,0.478104617,1323.925936,81015935.99,19.70159722
4/28/17 0:00:00,5.21975E+11,305271,4.211317888,0.51414743,1329.867818,97364692.16,21.26361111
4/29/17 0:00:00,5.21975E+11,341319,2.959059195,0.536372862,1334.700439,49565948.8,14.89541667
4/30/17 0:00:00,5.21975E+11,281489,2.975679123,0.517678562,1334.408423,51179115.19,15.23708333
5/1/17 0:00:00,5.21975E+11,294786,4.428266966,0.49870763,1388.339179,134112023.3,25.34020833
5/2/17 0:00:00,5.21975E+11,333161,4.829402026,0.411521758,1441.308628,99274585.41,23.00847222
5/3/17 0:00:00,5.21975E+11,295149,4.687387406,0.219120661,1468.571456,118447840.3,25.97708333
5/4/17 0:00:00,5.21975E+11,354737,7.89054108,0.288124436,1535.046833,205923967.2,38.89041667
5/5/17 0:00:00,5.21975E+11,267193,6.861347798,0.36096423,1551.271175,164297782.1,35.53736111
5/6/17 0:00:00,5.21975E+11,363022,4.278912701,0.330672468,1542.320304,75770155.75,19.06340278
5/7/17 0:00:00,5.21975E+11,316011,4.562184055,0.33579198,1544.528162,86657753.22,21.32506944
5/8/17 0:00:00,5.21975E+11,365096,5.53429707,0.19272061,1602.892181,153429055.1,29.40645833
5/9/17 0:00:00,5.21975E+11,332879,7.154514317,0.227572695,1706.375362,198861854.4,40.34305556
5/10/17 0:00:00,5.59971E+11,311391,4.764962518,0.228605532,1735.402351,147482144.1,33.6625
5/11/17 0:00:00,5.59971E+11,294743,6.118817271,0.168552118,1812.765171,187609576.3,30.66673611
5/12/17 0:00:00,5.59971E+11,317698,9.860822505,0.371380663,1771.554671,179935782.4,31.30326389
5/13/17 0:00:00,5.59971E+11,329266,6.965585944,0.365735399,1708.888965,119231177.3,24.47555556
5/14/17 0:00:00,5.59971E+11,369098,5.470002709,0.248207228,1781.41046,68030598.82,16.05895833
5/15/17 0:00:00,5.59971E+11,329229,6.057780751,0.223157819,1733.293919,130609751.7,27.34840278
5/16/17 0:00:00,5.59971E+11,233977,5.351489582,0.204125893,1724.079595,121994923.3,25.51854167
5/17/17 0:00:00,5.59971E+11,317527,5.665077559,0.18800474,1799.278911,155426882.4,29.78909722
5/18/17 0:00:00,5.59971E+11,288904,4.714349648,0.15352921,1842.999845,129881508.9,24.61645833
5/19/17 0:00:00,5.59971E+11,319502,5.534566944,0.174234342,1927.798999,172254773.8,28.00208333
5/20/17 0:00:00,5.59971E+11,352805,5.270871268,0.191073981,1985.936302,150172514.9,22.74652778
5/21/17 0:00:00,5.59971E+11,326057,10.6780933,0.37862164,2037.688691,138305403.7,28.40138889
5/22/17 0:00:00,5.59971E+11,327868,12.52444724,0.35069768,2139.723577,336757617.6,54.76867284
5/23/17 0:00:00,5.95922E+11,367710,9.259555144,0.311481942,2212.994415,219311389.2,43.35262346
5/24/17 0:00:00,5.95922E+11,338642,10.71255155,0.329172649,2370.584191,309524328,49.47716049
5/25/17 0:00:00,5.95922E+11,350114,26.22002138,0.275040149,2567.23448,546688590.7,71.97554012
5/26/17 0:00:00,5.95922E+11,333340,25.36165904,0.711772463,2398.85555,390986517.6,58.69483025
5/27/17 0:00:00,5.95922E+11,331914,24.53467716,0.739739026,2090.43164,339320661.1,58.61280864
5/28/17 0:00:00,5.95922E+11,308143,16.82196772,0.582708616,2180.564241,197633172.6,37.34513889
5/29/17 0:00:00,5.95922E+11,321638,16.46328336,0.741814333,2230.067063,160629694.8,30.26890432
5/30/17 0:00:00,5.95922E+11,347961,12.39538167,0.757519017,2279.795959,215795504.9,36.39683642
5/31/17 0:00:00,5.95922E+11,321634,9.821717494,0.696544045,2249.844868,224898926.5,35.88603395
6/1/17 0:00:00,5.95922E+11,319709,9.952186305,0.653572334,2387.948555,238936922.6,35.91682099
6/2/17 0:00:00,5.95922E+11,271539,8.257203915,0.639856342,2426.311477,161653522.4,26.62137346
6/3/17 0:00:00,5.95922E+11,305320,7.500868957,0.602531018,2506.637528,140906001.1,25.33425926
6/4/17 0:00:00,6.7876E+11,266044,7.631388359,0.638321081,2522.659848,137071486.2,23.30871914
6/5/17 0:00:00,6.7876E+11,289930,8.188702118,0.626167362,2599.957436,184872431.9,29.20239198
6/6/17 0:00:00,6.7876E+11,297416,15.57037749,0.74570697,2823.107831,409219291.5,49.50007716
6/7/17 0:00:00,6.7876E+11,339720,11.35554885,0.881569279,2808.620249,253000198.8,37.26998457
6/8/17 0:00:00,6.7876E+11,307377,10.23417346,0.87690417,2748.831043,196117028.5,30.80216049
6/9/17 0:00:00,6.7876E+11,282184,7.439507587,0.850087141,2818.873258,142215567.2,24.52515432
6/10/17 0:00:00,6.7876E+11,254993,8.230477251,0.841402126,2852.099871,194191592.1,30.36126543
6/11/17 0:00:00,6.7876E+11,222892,7.705732564,0.876377851,2908.655038,190423508,33.7253858
6/12/17 0:00:00,6.7876E+11,269098,19.83021302,1.030251595,2814.415619,463224842.2,56.3474537
6/13/17 0:00:00,6.7876E+11,291776,11.80986491,0.935567002,2731.557526,242705711.1,34.17399691
6/14/17 0:00:00,6.7876E+11,287644,15.71923185,1.015893906,2679.848374,346336712.7,42.97067901
6/15/17 0:00:00,6.7876E+11,293141,29.89303273,0.997691037,2412.988679,456452180.8,54.3533179
6/16/17 0:00:00,6.7876E+11,269937,12.68659943,1.106959584,2490.600899,213088060.8,34.69621914
6/17/17 0:00:00,7.11697E+11,236554,9.968189699,0.980768728,2585.80772,179765441.1,35.90817901
6/18/17 0:00:00,7.11697E+11,209359,11.09827574,0.976380906,2596.29033,171724506.4,29.5154321
6/19/17 0:00:00,7.11697E+11,269774,9.62744536,0.988016548,2591.504975,159710895.9,30.05516975
6/20/17 0:00:00,7.11697E+11,269438,10.90068413,0.272450923,2674.59711,226060650.8,37.03063272
6/21/17 0:00:00,7.11697E+11,280203,12.00974371,0.26245655,2724.993128,237379631.5,33.71381173
6/22/17 0:00:00,7.11697E+11,269685,25.15452471,0.535995806,2708.803666,161318040.7,25.35378086
6/23/17 0:00:00,7.11697E+11,259938,7.394556634,0.967663281,2738.312084,113080511.3,18.85570988
6/24/17 0:00:00,7.11697E+11,227127,10.03314512,0.961206335,2685.05029,163703013.8,25.31304012
6/25/17 0:00:00,7.11697E+11,180719,10.22136752,0.990946675,2610.463412,161083849.3,26.75671296
6/26/17 0:00:00,7.11697E+11,261906,15.22358308,1.02795749,2500.995273,288547307.6,41.91057099
6/27/17 0:00:00,7.11697E+11,259737,13.75535592,1.017124065,2441.544358,276781332.8,38.06319444
6/28/17 0:00:00,7.11697E+11,279811,10.64139256,1.010438305,2544.72019,202986165.3,28.94243827
6/29/17 0:00:00,7.11697E+11,231054,7.528554105,0.97422615,2570.197731,129486989,22.48179012
6/30/17 0:00:00,7.11697E+11,267360,7.49304595,0.978812711,2538.234223,131347719.4,21.93287037
7/1/17 0:00:00,7.11697E+11,221856,7.51341753,0.973581205,2479.267623,121333715.4,20.14212963
7/2/17 0:00:00,7.11697E+11,196539,8.041204717,0.904768288,2453.293779,118107424.8,22.13688272
7/3/17 0:00:00,7.08659E+11,253244,9.078612174,0.420948588,2538.844273,153416743.6,25.13665123
7/4/17 0:00:00,7.08659E+11,255483,7.148000596,0.393732937,2608.125695,147596829.2,26.75408951
7/5/17 0:00:00,7.08659E+11,237008,183.7133872,0.456374423,2635.637271,174698066.7,22.70694444
7/6/17 0:00:00,7.08659E+11,225106,5.040457574,0.408552801,2606.260828,118289714.1,18.06983025
7/7/17 0:00:00,7.08659E+11,243614,7.055206513,0.377613871,2556.445092,165853217.5,24.43132716
7/8/17 0:00:00,7.08659E+11,220835,6.722242442,0.399576336,2532.355142,101237434.1,17.71203704
7/9/17 0:00:00,7.08659E+11,188124,4.761568029,0.350340447,2555.505174,80214254.99,12.66304012
7/10/17 0:00:00,7.08659E+11,251722,9.412905323,0.384192607,2476.266493,234993666.8,29.61712963
7/11/17 0:00:00,7.08659E+11,265759,11.26764493,0.426073502,2366.635965,243508601.1,36.06358025
7/12/17 0:00:00,7.08659E+11,257138,8.538638295,0.414618821,2359.969529,187032212.4,27.32175926
7/13/17 0:00:00,7.08659E+11,245895,7.28564501,0.395681806,2380.882661,151315337.4,22.24421296
7/14/17 0:00:00,8.04525E+11,227903,8.601408293,0.38712561,2294.045639,200416336.9,28.43256173
7/15/17 0:00:00,8.04525E+11,221851,14.01237182,0.468449512,2092.468244,253396888.2,35.40756173
7/16/17 0:00:00,8.04525E+11,203165,14.20417705,0.535243963,1956.442632,287621530.8,40.10424383
7/17/17 0:00:00,8.04525E+11,230315,11.54546446,0.497449862,2069.55207,285788666.7,37.61458333
7/18/17 0:00:00,8.04525E+11,260575,12.0779854,0.487589501,2282.229995,353709409.9,40.86419753
7/19/17 0:00:00,8.04525E+11,253768,13.62085247,0.446677728,2324.181149,266883625,37.13364198
7/20/17 0:00:00,8.04525E+11,230199,16.34108638,0.392511406,2495.685191,640391594.3,52.78688272
7/21/17 0:00:00,8.04525E+11,268443,16.64725621,0.382406854,2709.425251,406077088.5,39.67770062
7/22/17 0:00:00,8.04525E+11,223358,10.46426574,0.358078982,2772.18081,249355804.8,29.46674383
7/23/17 0:00:00,8.04525E+11,181031,10.93763501,0.375664163,2764.690577,232930831.4,27.54768519
7/24/17 0:00:00,8.04525E+11,240072,7.233355686,0.32570882,2751.010088,174463748.8,22.4474537
7/25/17 0:00:00,8.04525E+11,244036,12.73458794,0.380914471,2633.923639,369859737.5,36.19483025
7/26/17 0:00:00,8.04525E+11,237853,11.71309979,0.42534366,2519.909842,240507615.6,30.90060764
7/27/17 0:00:00,8.60222E+11,225369,8.62716763,0.3839952,2583.746771,202273882.8,26.28802083
7/28/17 0:00:00,8.60222E+11,247207,10.23189849,0.381606483,2743.616904,285974915.2,34.14626736
7/29/17 0:00:00,8.60222E+11,211134,9.565168889,0.38652805,2724.361001,176907368.6,23.15217014
7/30/17 0:00:00,8.60222E+11,184145,8.924001118,0.395841891,2697.246589,181365122.6,22.47508681
7/31/17 0:00:00,8.60222E+11,231012,8.473193625,0.402676435,2767.910668,201139133.9,28.47630208
8/1/17 0:00:00,8.60222E+11,131875,16.09921682,0.510513284,2775.183747,256934007.7,39.77057292
8/2/17 0:00:00,8.60222E+11,209321,7.973322025,0.384109482,2719.683921,168014548.1,27.62595486
8/3/17 0:00:00,8.60222E+11,213017,5.487658714,0.362017585,2747.616117,151846265.9,25.01076389
8/4/17 0:00:00,8.60222E+11,235792,5.664151436,0.36090924,2828.760316,154496940.3,26.61701389
8/5/17 0:00:00,8.60222E+11,239771,16.48264199,0.399599646,3147.13161,399155099.5,51.22526042
8/6/17 0:00:00,8.60222E+11,199627,10.0464704,0.403619013,3230.633058,159388737.9,28.66944444
8/7/17 0:00:00,8.60222E+11,249002,11.32722185,0.388501967,3305.211277,240635700.7,33.31440972
8/8/17 0:00:00,8.60222E+11,275574,10.93897042,0.366059969,3421.95642,312436142,41.41050347
8/9/17 0:00:00,9.23233E+11,260955,11.20141013,0.40402125,3354.059282,266188967.9,35.88046875
8/10/17 0:00:00,9.23233E+11,257965,7.586162817,0.371510669,3413.142136,192206305.5,27.31171875
8/11/17 0:00:00,9.23233E+11,284001,10.02206178,0.378776443,3528.925854,276561499.9,33.81015625
8/12/17 0:00:00,9.23233E+11,260521,17.11984593,0.708753179,3782.750412,380510861.4,40.99956597
8/13/17 0:00:00,9.23233E+11,263310,26.6198852,0.836666848,4044.53995,497644418.5,55.21032986
8/14/17 0:00:00,9.23233E+11,255362,17.48011161,0.211404174,4196.783664,444548493.1,43.92170139
8/15/17 0:00:00,9.23233E+11,311002,26.50952285,0.251961089,4206.299578,708858187.8,61.4765625
8/16/17 0:00:00,9.23233E+11,274866,20.07522102,0.257507525,4194.705319,385678851,41.13029514
8/17/17 0:00:00,9.23233E+11,347319,18.70592096,0.25484571,4374.806291,450978047.2,45.3546875
8/18/17 0:00:00,9.23233E+11,312250,17.37013599,0.284128682,4267.39414,489499688.2,46.40520833
8/19/17 0:00:00,9.23233E+11,266832,19.34724036,0.289437915,4136.1659,366785945.5,36.33645833
8/20/17 0:00:00,9.23233E+11,210852,13.73388404,0.258084957,4148.029651,242991042.8,25.27248264
8/21/17 0:00:00,9.23233E+11,236772,12.45156957,0.195367504,4087.139319,312219512.6,35.61831597
8/22/17 0:00:00,9.23233E+11,196283,23.53888786,0.550777379,3981.514068,565133083.5,50.93107639
8/23/17 0:00:00,9.23233E+11,315734,13.84566379,0.517333814,4183.225291,319988162.6,37.23776042
8/24/17 0:00:00,9.23233E+11,203805,12.68619153,0.498225244,4236.453566,266597557.4,34.06328125
8/25/17 0:00:00,8.88172E+11,208169,12.31943837,0.172703887,4382.384089,295571172.4,33.46223958
8/26/17 0:00:00,8.88172E+11,226485,9.75729504,0.204087704,4347.394396,152274771.8,22.47743056
8/27/17 0:00:00,8.88172E+11,261891,8.056676279,0.174655295,4369.042611,148421477,21.35260417
8/28/17 0:00:00,8.88172E+11,223771,10.14755975,0.787293613,4343.959435,258024752.3,30.99053819
8/29/17 0:00:00,8.88172E+11,281116,12.48524238,0.74603683,4494.437119,370518664.8,41.71493056
8/30/17 0:00:00,8.88172E+11,271466,9.520849928,0.330842548,4603.538066,256132053.7,34.353125
8/31/17 0:00:00,8.88172E+11,280724,8.953336922,0.202252943,4689.906061,272208376,34.60963542
9/1/17 0:00:00,8.88172E+11,283670,10.72066294,0.229688812,4816.73266,389291822.2,41.02326389
9/2/17 0:00:00,8.88172E+11,236811,24.92682762,0.299191297,4716.671551,569266669.7,50.67847222
9/3/17 0:00:00,8.88172E+11,195289,17.8881175,0.322548244,4627.983777,363363282.1,34.15642361
9/4/17 0:00:00,8.88172E+11,269280,90.01049498,0.33096611,4441.606165,605295803.9,58.67282986
9/5/17 0:00:00,8.88172E+11,277948,23.87687672,0.257432807,4331.903652,543174337.3,54.82274306
9/6/17 0:00:00,9.22725E+11,276225,16.73718314,0.304069932,4589.850046,431506384.3,46.18888889
9/7/17 0:00:00,9.22725E+11,256374,12.18171894,0.160231325,4628.605283,261115072.3,31.71527778
9/8/17 0:00:00,9.22725E+11,279488,21.64004523,0.212478565,4528.176639,621784852,55.8890625
9/9/17 0:00:00,9.22725E+11,217890,17.05791974,0.241565924,4358.067373,292867234.9,34.51614583
9/10/17 0:00:00,9.22725E+11,193240,17.65507201,0.27255569,4258.579102,381081056,41.28888889
9/11/17 0:00:00,9.22725E+11,253492,17.1068347,0.221362325,4271.211468,313421532.3,30.56493056
9/12/17 0:00:00,9.22725E+11,256230,15.20078946,0.206193535,4297.398434,369363868.8,37.3640625
9/13/17 0:00:00,9.22725E+11,263320,27.85419711,0.29735856,3997.29913,631782497.8,50.11137153
9/14/17 0:00:00,9.22725E+11,268068,35.49423486,0.404187532,3674.719856,920940526,70.56796875
9/15/17 0:00:00,9.22725E+11,292079,42.09416772,0.419857195,3465.158917,1265662125,97.20295139
9/16/17 0:00:00,9.22725E+11,228257,24.97083712,0.45049748,3761.307157,500544610.1,48.90373264
9/17/17 0:00:00,9.22725E+11,197683,16.59743848,0.548523283,3697.029978,275620097.4,31.75625
9/18/17 0:00:00,1.1034E+12,218204,20.33875886,0.538326113,3980.720882,476456564.3,46.48793403
9/19/17 0:00:00,1.1034E+12,282917,17.14591381,0.502920397,3991.196051,403095739.9,36.87829861
9/20/17 0:00:00,1.1034E+12,235723,13.81104688,0.365657713,3960.290209,285145428,26.90885417
9/21/17 0:00:00,1.1034E+12,255257,17.3701193,0.378439937,3820.775985,435489862.2,35.53576389
9/22/17 0:00:00,1.1034E+12,227615,16.5447652,0.508212534,3648.256543,344791763.4,30.23246528
9/23/17 0:00:00,1.1034E+12,203861,11.82653483,0.47352113,3726.618438,207318617.9,23.91979167
9/24/17 0:00:00,1.1034E+12,185277,10.40858374,0.459428232,3705.50656,147890274.1,18.97447917
9/25/17 0:00:00,1.1034E+12,226603,12.45669084,0.471688237,3831.259125,315513741.6,27.36258681
9/26/17 0:00:00,1.1034E+12,263648,9.130064476,0.466454931,3926.398515,205100044.9,22.69027778
9/27/17 0:00:00,1.1034E+12,257961,9.63503219,0.426339632,4041.845466,398734768.3,32.76545139
9/28/17 0:00:00,1.1034E+12,275976,13.81932932,0.463715246,4194.083824,311382539.5,31.54809028
9/29/17 0:00:00,1.1034E+12,254438,13.64525915,0.45704335,4146.85416,328650040.9,28.80694444
9/30/17 0:00:00,1.1034E+12,212678,9.444228141,0.450963702,4278.981012,241610003.4,24.15234375
10/1/17 0:00:00,1.1034E+12,203653,8.992585098,0.447254719,4315.908447,217143309.5,24.31160714
10/2/17 0:00:00,1.12386E+12,295002,10.7577873,0.523134758,4411.004139,266857605.8,30.47718254
10/3/17 0:00:00,1.12386E+12,282132,10.7196168,0.582542528,4319.341364,292914002.1,30.86954365
10/4/17 0:00:00,1.12386E+12,232826,8.612340374,0.601208526,4252.835233,233655372.5,26.89811508
10/5/17 0:00:00,1.12386E+12,273243,9.521905831,0.544611649,4258.735188,225663722.3,27.82331349
10/6/17 0:00:00,1.12386E+12,283699,8.127734663,0.539069626,4357.281562,236543915.5,25.38561508
10/7/17 0:00:00,1.12386E+12,231226,6.947027523,0.525016628,4351.122512,153161760.4,20.39087302
10/8/17 0:00:00,1.12386E+12,238385,8.658943815,0.520434624,4495.809127,265024696.1,28.38958333
10/9/17 0:00:00,1.12386E+12,296946,12.70005684,0.549474636,4642.577228,448733657.2,40.7796627
10/10/17 0:00:00,1.12386E+12,303101,13.1937968,0.696497487,4810.52739,410723619.8,37.69037698
10/11/17 0:00:00,1.12386E+12,292459,9.484574195,0.674542958,4784.869249,298767562.2,29.74265873
10/12/17 0:00:00,1.12386E+12,293164,18.06544789,0.615592659,5103.569255,755015433.1,56.50406746
10/13/17 0:00:00,1.12386E+12,309819,31.23550185,0.808064731,5595.988002,1051918559,71.46944444
10/14/17 0:00:00,1.12386E+12,293140,15.22249706,0.960988496,5648.193846,376575181.8,35.64642857
10/15/17 0:00:00,1.19679E+12,283473,19.07792435,0.985254216,5602.540466,554650752.5,41.42321429
10/16/17 0:00:00,1.19679E+12,314725,15.80209384,0.978045454,5654.456555,355196736.9,35.6703373
10/17/17 0:00:00,1.19679E+12,334438,14.15758162,0.838102308,5616.88043,358128087,36.42857143
10/18/17 0:00:00,1.19679E+12,329579,21.51210484,0.829130482,5407.695032,698831560.1,52.22390873
10/19/17 0:00:00,1.19679E+12,356985,15.49269559,0.785912043,5639.431298,404932225.4,36.34672619
10/20/17 0:00:00,1.19679E+12,312409,32.22853465,0.771446236,5775.010078,685393227.4,45.8734127
10/21/17 0:00:00,1.19679E+12,312257,18.57957092,0.876093715,6058.602337,609116684.9,44.52043651
10/22/17 0:00:00,1.19679E+12,289131,21.57072979,0.871632881,5914.172506,522996373.9,39.61666667
10/23/17 0:00:00,1.19679E+12,316096,23.74736403,0.859217915,5880.392277,707120061.3,49.78492063
10/24/17 0:00:00,1.19679E+12,347220,23.01917499,0.872460123,5661.714545,692531025.9,56.41269841
10/25/17 0:00:00,1.19679E+12,315415,20.66806874,0.755679779,5550.539122,505980341.5,44.75753968
10/26/17 0:00:00,1.45284E+12,265827,16.56345025,0.815410041,5820.928683,475781183.7,41.23015873
10/27/17 0:00:00,1.45284E+12,246692,16.22579687,0.910755769,5823.080193,438345274,37.50535714
10/28/17 0:00:00,1.45284E+12,207066,12.67260423,0.874747579,5753.306695,278625904.1,28.66934524
10/29/17 0:00:00,1.45284E+12,334025,22.87754386,0.895424314,5867.672445,912537145.4,41.50039683
10/30/17 0:00:00,1.45284E+12,316077,13.6285446,0.834986079,6099.049665,408255940.3,34.39672619
10/31/17 0:00:00,1.45284E+12,277535,12.89572986,0.820521715,6226.436789,542832373.3,41.99940476
11/1/17 0:00:00,1.45284E+12,351529,20.95432901,0.966001287,6497.008892,753605709.7,61.79236111
11/2/17 0:00:00,1.45284E+12,341474,39.63836253,1.127212777,6959.610424,1389530155,96.53414352
11/3/17 0:00:00,1.45284E+12,277598,27.64197943,1.061669892,7225.258334,929378099.1,71.04548611
11/4/17 0:00:00,1.45284E+12,294121,22.56683968,1.036305256,7237.990687,636384084.5,47.18252315
11/5/17 0:00:00,1.45284E+12,251728,21.08557159,0.625909244,7447.969013,658774663.9,49.64837963
11/6/17 0:00:00,1.45284E+12,271029,29.02703341,0.513858814,7242.528449,960286137.9,66.84826389
11/7/17 0:00:00,1.45284E+12,335636,20.48157486,0.500256689,7109.748552,588308209.2,47.56203704
11/8/17 0:00:00,1.45284E+12,301346,35.42525078,0.23447533,7362.433088,1407249178,80.76701389
11/9/17 0:00:00,1.45284E+12,341281,28.4574918,0.293158412,7242.265132,769324537.4,61.26215278
11/10/17 0:00:00,1.45284E+12,271745,46.08182154,0.4319254,6947.575925,1325049568,94.08553241
11/11/17 0:00:00,1.36442E+12,194634,43.36014628,0.291800451,6544.375848,969803051.2,77.38090278
11/12/17 0:00:00,1.36442E+12,185966,55.15883643,1.035444756,6107.615699,1984010017,128.1396991
11/13/17 0:00:00,1.36442E+12,309299,40.31407495,1.150605172,6352.721124,1390058361,100.1252315
11/14/17 0:00:00,1.36442E+12,271995,21.59221335,1.118593867,6599.136431,700642504.2,59.01550926
11/15/17 0:00:00,1.36442E+12,321788,25.6133211,1.120253364,7043.713153,1054497513,72.65127315
11/16/17 0:00:00,1.36442E+12,310396,30.91710432,1.200418171,7460.352384,1245230694,79.07627315
11/17/17 0:00:00,1.36442E+12,306617,34.1398405,1.246299084,7812.83199,1115900034,74.48240741
11/18/17 0:00:00,1.36442E+12,270874,26.55487962,1.250417959,7687.199527,623605823.4,50.51423611
11/19/17 0:00:00,1.36442E+12,264855,20.30904784,1.196496061,7807.453823,611217021.1,44.84849537
11/20/17 0:00:00,1.36442E+12,336204,15.95681657,1.169537579,8076.674086,667804209.2,52.05509259
11/21/17 0:00:00,1.36442E+12,371091,30.41735414,1.255827372,8142.554413,1084193200,70.20555556
11/22/17 0:00:00,1.36442E+12,312033,19.17683945,1.282155449,8163.778836,552311461.5,45.67581019
11/23/17 0:00:00,1.36442E+12,352207,18.01079832,1.27281786,8161.023041,568107545.6,46.76736111
11/24/17 0:00:00,1.36442E+12,305735,23.31563545,1.085310732,8144.307383,709803932.9,55.08993056
11/25/17 0:00:00,1.347E+12,336689,21.06571828,0.127453608,8439.600966,783007199.2,52.53981481
11/26/17 0:00:00,1.347E+12,329677,35.49763786,0.443293087,9020.087553,1217178240,71.84444444
11/27/17 0:00:00,1.347E+12,379256,34.30498686,0.561787899,9569.08511,1242563417,77.66342593
11/28/17 0:00:00,1.347E+12,365977,23.76344611,0.57900687,9829.434956,983418249.9,70.95347222
11/29/17 0:00:00,1.347E+12,398090,109.9035564,0.823000132,10440.31899,3459992632,172.1484954
11/30/17 0:00:00,1.347E+12,384386,94.31782896,0.743706062,9946.465749,2336625636,132.3719907
12/1/17 0:00:00,1.347E+12,412908,62.11655149,0.574084499,10209.38848,1678824171,98.36840278
12/2/17 0:00:00,1.347E+12,326354,37.34655798,0.704197777,10950.61347,1054309776,69.43761574
12/3/17 0:00:00,1.347E+12,353044,58.00565731,0.81333209,11300.3512,1814244685,91.87800926
12/4/17 0:00:00,1.347E+12,400686,125.016561,0.832756639,11386.61464,1341618923,78.6255787
12/5/17 0:00:00,1.347E+12,405709,33.72566062,0.816042971,11714.23791,1147867590,74.74143519
12/6/17 0:00:00,1.5909E+12,443587,61.34393984,0.654519654,12656.22194,2449779060,143.9850694
12/7/17 0:00:00,1.5909E+12,374917,143.1341415,1.038526316,15060.67358,4532002117,219.4178241
12/8/17 0:00:00,1.5909E+12,385092,178.3982505,0.793757182,15749.90142,4104199808,206.5555556
12/9/17 0:00:00,1.5909E+12,403399,117.0136412,1.08842364,15147.33044,2399580699,141.8744213
12/10/17 0:00:00,1.5909E+12,341420,146.7560492,0.776341054,14525.54653,3125718546,167.699537
12/11/17 0:00:00,1.5909E+12,368598,93.52800274,0.78138046,16476.6898,2726871224,143.7271991
12/12/17 0:00:00,1.5909E+12,372977,92.25462021,0.752059464,16883.96051,2198535601,138.0056713
12/13/17 0:00:00,1.5909E+12,424579,104.0758085,0.803506788,16687.43696,2304507296,130.4435185
12/14/17 0:00:00,1.5909E+12,490644,75.31245479,0.73947659,16473.9132,1600812725,105.5994213
12/15/17 0:00:00,1.5909E+12,405676,75.94700048,0.492003602,17496.02388,2301622767,125.9140046
12/16/17 0:00:00,1.5909E+12,364222,84.41751578,0.296922338,18351.47396,1813860406,107.7239583
12/17/17 0:00:00,1.5909E+12,391910,74.07062743,0.870850813,19389.50501,1934434847,111.562963
12/18/17 0:00:00,1.87311E+12,394239,84.15949805,0.914925239,18848.27709,2177171822,115.4792824
12/19/17 0:00:00,1.87311E+12,378622,106.0168201,0.83589956,18412.34227,2683585213,141.3775463
12/20/17 0:00:00,1.87311E+12,370277,166.7656991,0.731197281,16903.77189,3393512545,181.9612269
12/21/17 0:00:00,1.87311E+12,335482,108.7687792,0.486962459,16299.51646,2330621725,154.5216435
12/22/17 0:00:00,1.87311E+12,380648,299.1856091,1.039991998,13881.29314,5457602194,286.4444444
12/23/17 0:00:00,1.87311E+12,308211,118.5101666,1.345344766,14951.28644,2003861770,139.9790509
12/24/17 0:00:00,1.87311E+12,279523,133.2672035,1.458485267,13798.72283,1928099105,124.8935185
12/25/17 0:00:00,1.87311E+12,228926,94.79085749,1.313933988,14094.40131,1247520060,82.55405093
12/26/17 0:00:00,1.87311E+12,247440,90.57543935,1.275573522,15424.53991,1853142552,109.2532407
12/27/17 0:00:00,1.87311E+12,307642,104.7496691,0.738137503,15787.51734,1807685919,115.694213
12/28/17 0:00:00,1.87311E+12,305053,116.0819409,0.600124899,14512.3731,2044130395,123.7819444
12/29/17 0:00:00,1.87311E+12,353824,82.03225387,0.590057803,14672.56474,1457325008,100.8555556
12/30/17 0:00:00,1.87311E+12,344407,108.4398783,0.854307389,13395.63709,1996889785,138.6565972
12/31/17 0:00:00,1.87311E+12,290422,81.7390267,0.696013187,13530.34288,1275316253,91.94247685
1/1/18 0:00:00,1.93114E+12,243768,66.06365764,0.832561099,13681.71574,881707596,65.40740741
1/2/18 0:00:00,1.93114E+12,340980,71.83213957,1.226578184,14086.18322,1725670016,110.6015046
1/3/18 0:00:00,1.93114E+12,395963,63.0657768,1.339993917,15100.47319,1368695116,100.140162
1/4/18 0:00:00,1.93114E+12,425008,67.92455754,1.179423499,14936.3623,1635310786,114.4333333
1/5/18 0:00:00,1.93114E+12,342707,75.0422138,1.222719469,15984.43575,1969429023,126.9827546
1/6/18 0:00:00,1.93114E+12,358847,69.09798757,1.400375915,16846.10401,1185976941,87.81701389
1/7/18 0:00:00,1.93114E+12,368187,65.00894897,1.423085467,16740.50429,1129594849,78.12326389
1/8/18 0:00:00,1.93114E+12,345672,99.39257001,1.398551156,15591.355,2025790553,120.6831019
1/9/18 0:00:00,1.93114E+12,360265,76.56274189,1.222924208,15141.87142,1415370876,96.35775463
1/10/18 0:00:00,1.93114E+12,347393,83.43803508,1.289444314,14454.05864,1766103501,120.3443287
1/11/18 0:00:00,1.93114E+12,337959,113.265708,1.339335015,13984.41897,1982993010,122.4831019
1/12/18 0:00:00,1.93114E+12,300091,70.96585459,0.881546398,13943.20689,1170163190,84.15474537
1/13/18 0:00:00,2.22785E+12,265735,57.23298074,0.476584243,14456.74307,890069361.8,67.62951389
1/14/18 0:00:00,2.22785E+12,235045,57.17691151,0.591361781,13931.89035,940544571.6,74.17256944
1/15/18 0:00:00,2.22785E+12,273623,53.28692228,0.439548323,14032.25484,996351598.4,74.99513889
1/16/18 0:00:00,2.22785E+12,303725,199.1923379,0.500558991,12367.98562,3337273150,223.5796296
1/17/18 0:00:00,2.22785E+12,315771,157.6936575,1.125998661,10802.36997,3116451886,235.0909722
1/18/18 0:00:00,2.22785E+12,309495,98.4508265,1.003643218,11636.14171,2037611657,159.0936343
1/19/18 0:00:00,2.22785E+12,243619,78.24177094,0.991183834,11667.82864,1236401583,104.2226852
1/20/18 0:00:00,2.22785E+12,240611,69.60722307,1.064181944,12645.848,1244237932,103.3578704
1/21/18 0:00:00,2.22785E+12,215622,73.88162181,1.033202067,12086.58129,1248881462,101.5674769
1/22/18 0:00:00,2.22785E+12,245562,80.1642379,0.933999707,11316.66929,1518601299,127.4684028
1/23/18 0:00:00,2.22785E+12,271936,80.53342554,0.838715848,10868.01215,1441598955,109.3
1/24/18 0:00:00,2.22785E+12,250423,62.92912107,0.660141508,11149.89693,1085237489,88.63321759
1/25/18 0:00:00,2.60308E+12,236580,48.38464559,0.641591053,11419.47664,939223590.1,78.903125
1/26/18 0:00:00,2.60308E+12,220459,60.6767127,0.691608409,11146.83673,1330770124,95.29826389
1/27/18 0:00:00,2.60308E+12,193578,49.77118546,0.663182647,11354.79056,881654888,70.24421296
1/28/18 0:00:00,2.60308E+12,213446,39.37307976,0.636813911,11719.78175,865553292.6,73.05127315
1/29/18 0:00:00,2.60308E+12,232176,37.84447661,0.601647364,11382.30768,773162819.3,69.62997685
1/30/18 0:00:00,2.60308E+12,236609,57.86348298,0.653202051,10792.52576,1525063390,109.4392361
1/31/18 0:00:00,2.60308E+12,204276,75.43964928,0.641028293,10147.93641,1073988114,93.85266204
2/1/18 0:00:00,2.60308E+12,257664,61.53054119,0.593905116,9620.999648,1790093412,137.4623843
2/2/18 0:00:00,2.60308E+12,235918,82.31226634,0.623515198,8665.690275,2421004718,192.7637731
2/3/18 0:00:00,2.60308E+12,194891,62.07981619,0.784551799,9026.190483,1072875914,104.396875
2/4/18 0:00:00,2.60308E+12,173687,60.37002003,0.701275607,8844.390109,1230948077,101.0496528
2/5/18 0:00:00,2.60308E+12,216363,78.77159611,0.726410654,7729.748439,2233096509,169.433912
2/6/18 0:00:00,2.87467E+12,244120,101.4015455,0.473958041,6899.389374,2988612336,229.0652778
2/7/18 0:00:00,2.87467E+12,213719,76.52812297,0.748394007,7963.871181,1912101735,147.3631944
2/8/18 0:00:00,2.87467E+12,173289,58.17001996,0.934853854,8271.805156,1404228347,104.5081019
2/9/18 0:00:00,2.87467E+12,177860,49.07362945,0.917373749,8313.971429,1203415921,96.15555556
2/10/18 0:00:00,2.87467E+12,181783,51.61785782,0.885568837,8677.100806,1207600083,99.88252315
2/11/18 0:00:00,2.87467E+12,147208,49.74595388,0.895859085,8241.09947,890831736.8,76.6974537
2/12/18 0:00:00,2.87467E+12,186918,39.41920921,0.861377555,8642.202419,979663848.7,76.42974537
2/13/18 0:00:00,2.87467E+12,182984,32.8410344,1.003134349,8656.695326,760390083.7,71.53275463
2/14/18 0:00:00,2.87467E+12,196417,33.83065796,0.985315522,9046.457804,1114525886,90.82418981
2/15/18 0:00:00,2.87467E+12,198183,48.49063242,1.016960946,9826.08788,1492582193,108.8761574
2/16/18 0:00:00,2.87467E+12,187738,40.3367933,1.174733749,10061.61024,858092118.1,71.57418981
2/17/18 0:00:00,2.87467E+12,173789,39.46369777,1.157890856,10706.17777,1196037828,88.6193287
2/18/18 0:00:00,2.87467E+12,159495,61.20842877,1.192827145,10768.79691,1510650434,107.7344907
2/19/18 0:00:00,2.87467E+12,187367,42.6695432,1.18083711,10907.35747,1081751457,77.32673611
2/20/18 0:00:00,3.00738E+12,198455,46.88750817,1.148253715,11560.21932,1360652908,99.9693287
2/21/18 0:00:00,3.00738E+12,205201,63.86395636,1.181029959,10886.11897,1823711839,116.0018519
2/22/18 0:00:00,3.00738E+12,183235,56.18128631,1.173374046,10358.41938,1606986512,104.287963
2/23/18 0:00:00,3.00738E+12,185193,43.25709573,1.1801743,10082.50409,1275672888,84.52465278
2/24/18 0:00:00,3.00738E+12,154534,47.2753212,1.197988663,10011.92585,1138274229,79.47280093