,date,trans,volatil,bidask,price,volume,transpm,goog_idx,epu_idx,exp.sem
0,2/25/2016 0:00,-12655.0,-0.313817598,-0.035583319,1.0140458,6176645.45,-25.3741667,-2.0,57.5,0.06330625
1,2/26/2016 0:00,-21458.0,-0.092739675,0.03737398,8.0655949,146053568.23,-42.2872916,-1.0,41.87,0.106433333
2,2/27/2016 0:00,51259.0,0.197349852,0.01429775,-2.9655087,-40942283.2,31.3461111,-2.0,126.51,0.056521429
3,2/28/2016 0:00,31884.0,0.267980615,0.065002347,7.2128244,276037948.6,118.5202083,0.0,97.94,0.047877778
4,2/29/2016 0:00,11774.0,-0.097274437,-0.024977452,-2.126012,-376246512.24,-24.4990278,3.0,65.74,0.139419048
5,3/1/2016 0:00,-6888.0,-0.147012606,-0.019618752,-2.3327868,-3596976.88,-11.1844444,-2.0,49.35,0.099477419
6,3/2/2016 0:00,-48554.0,0.054680627,-0.001069275,-10.1368239,7196396.19,15.3334028,4.0,41.64,0.022288
7,3/3/2016 0:00,-14167.0,-0.020695245,0.018136925,-2.2035763,-1395040.79,-54.30375,-3.0,48.6,0.133266667
8,3/4/2016 0:00,27507.0,0.750751135,0.050060901,-15.8359321,18633475.98,98.19,-1.0,46.74,0.198683333
9,3/5/2016 0:00,-73253.0,-0.605323592,-0.00828635,0.2766176,-27791626.75,-40.9020139,-1.0,128.08,0.109692308
10,3/6/2016 0:00,21516.0,-0.229587768,-0.075578921,5.6453297,1901516.47,-62.8406945,2.0,112.51,-0.037915385
11,3/7/2016 0:00,17043.0,-0.024006416,-0.013834538,2.9313965,-4888956.04,-36.7984722,1.0,59.99,0.140433333
12,3/8/2016 0:00,-9910.0,0.205375891,0.002468422,-0.472151,-1219182.25,-5.1875,-2.0,77.42,0.155835294
13,3/9/2016 0:00,-1662.0,-0.357866519,0.028880157,1.7386619,3615566.87,-22.2983333,0.0,46.99,0.162277778
14,3/10/2016 0:00,1090.0,-0.016886652,0.046568378,5.7277401,1802827.23,51.6433333,-1.0,30.22,0.149525
15,3/11/2016 0:00,-21803.0,0.125163717,-0.03958913,-5.7455643,-856388.78,10.6114583,-1.0,29.26,0.19515
16,3/12/2016 0:00,-18210.0,-0.153548187,0.005183006,-0.9429539,-9822527.25,-61.7430555,0.0,68.49,0.238966667
17,3/13/2016 0:00,41538.0,0.000454921,-0.011468643,1.1765795,5082740.14,-1.8627084,3.0,108.23,0.265636842
18,3/14/2016 0:00,11085.0,0.012979375,-0.069463854,1.7687104,-291366.27,11.6029862,-1.0,54.04,0.0268
19,3/15/2016 0:00,9566.0,-0.009655474,-0.017831696,-0.1698846,-690626.01,-22.5296528,-2.0,45.63,0.146333333
20,3/16/2016 0:00,-3673.0,0.028214494,0.010288472,3.2270126,-1315917.5,-16.8347917,1.0,48.66,0.088325926
21,3/17/2016 0:00,-2297.0,0.150038137,0.017120058,-5.072344,10342077.87,106.2411111,2.0,40.06,0.305208333
22,3/18/2016 0:00,-28544.0,0.006966791,0.020360011,-5.2750242,-13296382.56,-81.1045833,-6.0,58.48,0.1313
23,3/19/2016 0:00,665.0,-0.204630881,0.027968153,2.7391844,-2456803.4,-34.5778472,1.0,32.84,-0.142633333
24,3/20/2016 0:00,20863.0,0.008011862,-0.066057482,-0.1690057,5071185.9,22.3981944,4.0,73.89,0.0272
25,3/21/2016 0:00,6202.0,-0.006338152,-0.022311031,5.2158354,3710204.32,8.5604861,1.0,89.85,0.35245
26,3/22/2016 0:00,-18400.0,0.03846878,0.080790646,1.3817881,-3308240.94,-17.35625,-1.0,55.17,0.048804762
27,3/23/2016 0:00,3286.0,-0.089865451,-0.037662142,-1.3412217,-1496816.95,1.2907639,-2.0,87.98,0.062341176
28,3/24/2016 0:00,-17785.0,0.052661657,0.105660755,-0.5004954,-2519017.69,-12.6869444,-1.0,50.15,0.180158333
29,3/25/2016 0:00,-13260.0,-0.06806677,0.106073934,0.6844027,-2425194.15,-29.969375,-1.0,36.39,0.167617647
30,3/26/2016 0:00,1217.0,0.154728498,-0.028463215,3.7409406,14894695.42,64.2042361,1.0,61.36,0.113711111
31,3/27/2016 0:00,35814.0,-0.044896432,0.00903574,3.4964384,-7357856.87,-23.4668056,3.0,53.45,-0.0468625
32,3/28/2016 0:00,1329.0,0.159255468,0.000990474,-5.0460273,10847558.69,108.1270834,2.0,105.86,0.283507692
33,3/29/2016 0:00,3619.0,-0.104391285,-0.267423026,-4.9947787,-11312443.32,-8.9102084,-2.0,69.82,0.109315385
34,3/30/2016 0:00,5448.0,-0.090556903,0.006824312,2.2335329,-608755.38,-52.7214583,-1.0,124.96,0.15435
35,3/31/2016 0:00,5446.0,0.043574926,0.046820501,0.4378451,-2436090.15,-72.7746528,-2.0,36.42,0.1085
36,4/1/2016 0:00,-28419.0,-0.058636266,0.000813971,3.0374458,-2951667.62,-24.1096528,0.0,30.46,0.26213
37,4/2/2016 0:00,-5074.0,-0.043981043,-0.031747269,-0.4755716,-2612765.11,-6.1486111,1.0,61.05,0.109490909
38,4/3/2016 0:00,30500.0,0.044660831,0.005133192,0.445277,4189066.58,-7.2711805,0.0,100.09,0.10886
39,4/4/2016 0:00,7247.0,0.157076666,-0.026060254,2.64559,2044265.48,27.9072916,0.0,38.89,0.141075
40,4/5/2016 0:00,3114.0,-0.171087865,0.027214148,0.1737148,-1842140.63,-14.3900694,1.0,25.71,0.066716667
41,4/6/2016 0:00,-827.0,0.000319444,0.087527334,-1.1070128,2103320.3,-6.2470833,0.0,36.17,0.10842
42,4/7/2016 0:00,-4272.0,0.097244767,0.00563935,0.3259381,3218017.78,47.1447916,-2.0,28.9,0.2537
43,4/8/2016 0:00,-17750.0,0.085113576,0.090078906,-3.8721508,-8903543.78,25.1074306,0.0,30.25,0.201306897
44,4/9/2016 0:00,-9487.0,-0.118072623,-0.019001099,2.347535,-2680896.98,-82.2295139,3.0,19.81,0.300211111
45,4/10/2016 0:00,43086.0,-0.069601182,-0.050278576,1.4038127,5091501.07,28.7286805,0.0,66.3,0.03715
46,4/11/2016 0:00,10166.0,0.058559724,-0.092599267,3.5921275,9241194.99,74.843125,-2.0,101.11,0.287508333
47,4/12/2016 0:00,-16700.0,-0.043978502,-0.024392855,-0.07594,-7543773.61,-57.2352083,3.0,34.46,0.303538462
48,4/13/2016 0:00,4422.0,-0.085179794,0.003624865,-0.4843234,-2960061.5,-37.8859028,-3.0,37.74,0.213163636
49,4/14/2016 0:00,-15750.0,0.114886671,-0.001448744,2.9889203,7801191.88,47.6726389,0.0,21.42,0.203238462
50,4/15/2016 0:00,-30174.0,-0.00322479,0.020561749,2.8926241,-8462168.04,-3.7156944,-1.0,52.17,0.18326875
51,4/16/2016 0:00,10424.0,-0.043027218,-0.001848979,-1.6805662,-1150722.24,-49.5244445,1.0,82.72,0.09975
52,4/17/2016 0:00,27967.0,0.014603545,0.016858716,-0.4698105,4698399.7,0.9561111,0.0,127.3,0.1993
53,4/18/2016 0:00,6116.0,0.137053622,-0.010088679,1.3888299,3953840.23,10.7914584,1.0,63.08,0.061008824
54,4/19/2016 0:00,-9731.0,3.462663439,0.100020104,8.2465334,11460936.8,70.6822222,-1.0,20.66,0.465166667
55,4/20/2016 0:00,-3985.0,-3.078401885,0.04597131,5.9067119,-4513251.58,81.7289583,4.0,41.3,-0.110133333
56,4/21/2016 0:00,-1819.0,-0.121241135,0.085048841,2.4785102,-4098164.92,-43.9586805,2.0,34.27,0.304877778
57,4/22/2016 0:00,-25760.0,-0.000243989,0.129486225,0.9549342,-5914314.47,-65.3634722,-5.0,112.29,0.146986667
58,4/23/2016 0:00,-2061.0,-0.002982539,0.246606636,6.3856275,13513169.7,146.1720833,4.0,77.26,0.224827778
59,4/24/2016 0:00,34409.0,0.717413237,-0.163491184,4.7846941,4841612.46,33.2478472,-1.0,57.8,0.075233333
60,4/25/2016 0:00,33180.0,0.46504058,-0.309766529,5.2347507,-6297661.34,-59.1803472,2.0,59.83,0.179241176
61,4/26/2016 0:00,-11309.0,-0.971103645,-0.02815447,-4.9982487,15379625.84,-6.6136111,0.0,49.42,0.135838462
62,4/27/2016 0:00,8522.0,0.039474278,0.047318671,-13.1238867,-9930084.67,145.8524305,2.0,42.37,0.132893333
63,4/28/2016 0:00,13927.0,-0.497934445,-0.06012263,4.9660628,-13977299.86,-219.6710416,-4.0,20.3,0.142725
64,4/29/2016 0:00,-46172.0,0.011023557,-0.001276716,2.0331293,-3955367.78,-0.4823611,-4.0,54.91,0.10971
65,4/30/2016 0:00,-24282.0,-0.001543486,0.004305762,-1.4387323,-7142590.89,-61.6446528,2.0,45.03,0.1389
66,5/1/2016 0:00,32355.0,0.054673943,0.040543272,-3.8466266,21586972.79,98.2695833,69.0,61.59,0.08658
67,5/2/2016 0:00,11824.0,-0.116581099,0.103147883,0.3203865,-10869302.57,-50.6013194,-38.0,72.72,0.072989286
68,5/3/2016 0:00,-1918.0,0.003198793,-0.102742038,0.5422591,-4305027.79,-13.7886806,-19.0,45.4,0.255995652
69,5/4/2016 0:00,-4118.0,-0.016560343,-0.041281703,-0.6299767,1127012.53,-29.7602778,3.0,44.1,0.28678125
70,5/5/2016 0:00,3659.0,0.166617527,-0.010696149,4.6132415,11946766.47,25.9565278,-5.0,34.04,0.235466667
71,5/6/2016 0:00,-31170.0,0.433762146,-0.002000821,6.4239191,-16523449.12,-3.7077083,-5.0,31.3,0.094433333
72,5/7/2016 0:00,-13037.0,-0.532137852,0.067904209,-0.0179439,-1013893.66,-22.9509722,2.0,46.71,0.160157143
73,5/8/2016 0:00,37424.0,-0.093432652,0.152958794,1.0877196,9109105.09,21.8960416,1.0,57.56,0.0
74,5/9/2016 0:00,19272.0,0.160768283,-0.089098283,-2.9272,6078830.43,83.5988889,0.0,59.73,0.21428
75,5/10/2016 0:00,-11309.0,-0.13183868,-0.111320491,-2.7359469,-10102964.44,-83.4839583,-2.0,62.97,0.117457143
76,5/11/2016 0:00,-6003.0,-0.002440109,-0.1301881,-1.0896631,3597679.14,27.6805555,-3.0,54.4,0.264007143
77,5/12/2016 0:00,3737.0,-0.023638543,-0.073150877,2.8697718,-6649113.72,-60.3984722,-1.0,50.82,0.115390909
78,5/13/2016 0:00,-20866.0,-0.097309646,0.167201363,0.6267183,-5828860.099,34.7113889,-2.0,59.77,0.075796552
79,5/14/2016 0:00,-11109.0,0.327175106,0.04839278,0.5476564,653953.109,-18.6332639,0.0,31.04,-0.15165
80,5/15/2016 0:00,39638.0,0.158350712,0.113965053,-0.5864097,7012198.07,34.5264583,1.0,99.03,-0.021173684
81,5/16/2016 0:00,-1183.0,-0.271355893,-0.115021056,-2.0649047,-849450.33,-47.7523611,0.0,82.79,0.34204
82,5/17/2016 0:00,-3543.0,-0.208599966,-0.01772011,0.8949469,-1802506.31,-25.4559027,2.0,51.62,0.061846154
83,5/18/2016 0:00,-15938.0,0.383613333,0.044748876,-4.7325484,16329797.22,66.6715277,1.0,32.08,0.080116667
84,5/19/2016 0:00,-9749.0,0.073377107,0.067690543,-9.0141305,-10390025.17,-4.4398611,-4.0,58.53,0.269525
85,5/20/2016 0:00,-17935.0,-0.147638226,-0.031112821,0.7038868,-9865650.91,-74.4721528,-2.0,25.94,0.230044444
86,5/21/2016 0:00,-7113.0,-0.185116422,0.080565232,-0.0677422,2182371.05,-0.2225,2.0,54.62,0.194983333
87,5/22/2016 0:00,38406.0,0.003483595,-0.024473914,0.126656,3309778.38,1.5025,1.0,113.01,0.199305882
88,5/23/2016 0:00,23763.0,-0.01139844,-0.226609966,3.3055934,-1014851.92,1.2675,0.0,141.68,0.063314286
89,5/24/2016 0:00,1324.0,0.012879432,0.012453381,3.0335929,2032054.17,21.3665278,-1.0,66.06,0.07764375
90,5/25/2016 0:00,-27750.0,0.021196665,0.076170434,2.5402227,-630604.98,31.6532639,4.07894737,51.51,-0.051853333
91,5/26/2016 0:00,-4795.0,0.712642701,0.174782232,19.3405334,44507660.31,169.019375,3.26315789,23.07,0.012761111
92,5/27/2016 0:00,-22242.0,0.927214522,0.147838246,22.9798228,11970111.19,74.0171528,3.2631579,19.22,0.137844444
93,5/28/2016 0:00,-14312.0,1.001655946,0.557607576,30.4567431,1935573.67,32.3463194,5.71052631,41.02,0.234689474
94,5/29/2016 0:00,32626.0,-1.619606801,-0.435763106,7.7211227,-32495782.52,-148.7046527,2.44736842,54.25,0.009275
95,5/30/2016 0:00,3881.0,0.208073958,-0.26108151,3.650454,20532065.02,-210.0699306,0.0,35.86,0.11583
96,5/31/2016 0:00,19135.0,-0.609106208,-0.00143326,-1.6439902,-24749337.64,101.560625,-4.07894736,48.19,0.33428125
97,6/1/2016 0:00,-3285.0,1.863152453,-0.134183314,4.8210246,-8307436.55,130.0781944,-4.07894737,48.39,0.181855556
98,6/2/2016 0:00,3570.0,-1.449834159,0.010994117,15.4562661,33875786.21,34.6607639,4.07894737,44.41,0.25083
99,6/3/2016 0:00,-38004.0,0.334932484,0.030928692,20.0178564,-15444228.62,36.7343056,0.0,54.72,0.034425
100,6/4/2016 0:00,-6863.0,-0.855654719,0.229190277,2.0699549,-13511570.09,-44.2947917,-4.07894737,130.56,0.18675
101,6/5/2016 0:00,31369.0,0.003078992,-0.013636545,5.3627618,3021927.82,-53.5369444,4.07894737,151.85,0.162763636
102,6/6/2016 0:00,9845.0,1.699834836,-0.314619154,-0.5772205,17054647.11,38.0582639,0.0,136.57,0.159286667
103,6/7/2016 0:00,-1083.0,-1.866526926,0.123845213,-4.7899727,-13805909.29,-71.7693056,-3.2631579,127.93,0.138855556
104,6/8/2016 0:00,6420.0,0.15565621,0.010714745,0.9885581,2211329.76,-18.8713194,-0.81578947,46.41,0.1374375
105,6/9/2016 0:00,-7986.0,-0.254727041,0.10046249,-0.2895047,-4671166.27,-11.5864584,0.0,49.67,0.161171429
106,6/10/2016 0:00,-15208.0,0.798034398,-0.050144405,6.3784856,8446278.26,-3.2432639,0.0,70.69,0.04435
107,6/11/2016 0:00,-2448.0,0.987128772,0.16581624,57.5597938,111573467.5,208.8047917,18.76315789,71.81,0.013930769
108,6/12/2016 0:00,40643.0,0.611152062,0.051072604,46.5371446,-11251098.3,63.58875,13.05263158,64.97,0.125626316
109,6/13/2016 0:00,-4525.0,-1.038895726,0.029698787,-0.0878872999999,-57166909.36,-76.3620139,-11.42105263,60.21,0.159366667
110,6/14/2016 0:00,12373.0,-0.626947564,-0.108880273,-2.5314119,-38616745.71,-10.47375,-9.78947368,83.69,0.00191875
111,6/15/2016 0:00,8668.0,2.536094209,0.160033335,51.4090546,118670470.57,98.8932639,12.2368421,79.47,0.068125
112,6/16/2016 0:00,-14118.0,-0.696558702,-0.140984849,11.0674775,-34411862.0,31.9104861,-1.63157895,109.07,0.031435714
113,6/17/2016 0:00,-18435.0,-0.773405,-0.188511762,3.8948721,-45432094.77,-64.4146528,-4.07894736,71.03,-0.006529412
114,6/18/2016 0:00,-17019.0,-0.712516414,-0.018526316,3.4223791,-46931277.99,-18.396875,-6.52631579,91.09,0.169296552
115,6/19/2016 0:00,31036.0,0.417214656,-0.038237474,-6.8250149,34518639.39,-45.4689583,4.07894736,54.65,-0.03456
116,6/20/2016 0:00,-1170.0,2.932335478,0.315558286,-66.2444749,89769693.27,221.6561111,4.07894737,94.78,0.157833333
117,6/21/2016 0:00,-12523.0,-0.914100801,0.046404129,-31.2659853,-39474039.8,12.334375,-6.52631579,137.6,-0.06043
118,6/22/2016 0:00,5659.0,0.49499732,0.001745286,-57.8948441,18578589.9,91.3493056,3.2631579,146.78,0.069043333
119,6/23/2016 0:00,-3675.0,-1.147966279,0.102924218,62.5190714,-19253867.0,-28.7384028,24.47368421,125.3,0.139
120,6/24/2016 0:00,-30706.0,-0.627786024,-0.133539125,16.3675024,-55895915.94,-117.8714583,-23.65789474,312.85,0.1053
121,6/25/2016 0:00,-25571.0,-0.375185959,0.134815258,-29.7099707,-14516260.96,1.0651389,-8.15789474,586.55,0.02365
122,6/26/2016 0:00,35681.0,-0.443322206,0.050879954,-1.7805807,9366468.46,-64.6045834,0.81578948,322.73,-0.0801
123,6/27/2016 0:00,-4422.0,-0.418624228,-0.074788507,9.5524339,-9805495.07,-57.5433333,-1.63157895,254.28,0.213594737
124,6/28/2016 0:00,11505.0,-0.242656649,-0.126672521,-13.9331669,17549097.39,13.1195139,0.81578947,238.67,0.069684615
125,6/29/2016 0:00,7848.0,0.124444739,-0.233031765,18.0735126,-3714678.34,-53.8650695,-3.26315789,146.63,0.2318625
126,6/30/2016 0:00,-26159.0,0.621417142,-0.011512628,21.6045709,1895073.7,30.9058334,-0.81578947,96.08,0.179876923
127,7/1/2016 0:00,-6926.0,-0.919842816,-0.000531616,11.0909172,-12661043.16,-40.0294445,-2.44736842,108.22,0.232295
128,7/2/2016 0:00,-21748.0,1.142124803,0.105186945,-12.4671174,8563844.0,108.49625,3.26315789,114.48,0.234954545
129,7/3/2016 0:00,36773.0,-0.778651953,-0.123034831,-3.9496111,-30465146.2,-40.1444444,-3.26315789,148.63,0.066023077
130,7/4/2016 0:00,1059.0,-0.050290643,-0.065900741,1.8330855,-4793518.55,-49.805625,0.81578947,84.51,0.130204
131,7/5/2016 0:00,-268.0,-0.181057711,-0.068938237,0.0513826,-2598896.57,-38.9121528,0.0,89.02,0.2012875
132,7/6/2016 0:00,857.0,1.18437637,0.263410418,-29.5794748,71418050.54,168.1218056,3.26315789,185.04,0.093614286
133,7/7/2016 0:00,-4847.0,-0.977850934,0.104584725,5.205686,-50723059.69,-124.6032639,-0.81578947,117.71,0.166892857
134,7/8/2016 0:00,-25296.0,0.846161813,0.014484864,3.769106,28959991.98,57.3013194,11.42105263,105.65,0.092882353
135,7/9/2016 0:00,-22797.0,-1.29787361,-0.098753043,-3.8932054,-44088976.15,-119.0878472,-9.78947368,124.74,0.149709524
136,7/10/2016 0:00,55481.0,1.013289493,0.062360533,2.0029452,2958902.1,-12.2497222,-3.2631579,209.0,-0.35695
137,7/11/2016 0:00,945.0,-0.735463167,0.100949105,8.1040692,26706634.48,-27.0535417,-4.89473684,93.07,-0.067135714
138,7/12/2016 0:00,-2531.0,0.110720341,-0.079727183,5.7917367,-3827664.32,-13.9614583,-0.81578947,113.92,0.219488889
139,7/13/2016 0:00,1192.0,-0.620702725,0.011400767,-4.9648339,-11645593.77,2.5619444,0.0,58.42,0.470775
140,7/14/2016 0:00,-1614.0,-0.071669151,-0.142657393,5.6166004,-10994471.41,-29.9304167,-3.2631579,53.11,0.316257895
141,7/15/2016 0:00,-33889.0,-0.051067191,-0.160166828,0.2224154,-13490875.46,-63.7828472,-0.81578947,34.4,0.110130769
142,7/16/2016 0:00,-11179.0,0.249535468,-0.019638581,5.9619618,9209193.68,36.6972917,0.81578947,88.55,-0.005025
143,7/17/2016 0:00,51822.0,-0.124873337,0.0761323,6.5994446,-1835709.58,50.2354167,1.63157895,172.45,0.21295
144,7/18/2016 0:00,-689.0,2.299598783,0.072704264,-5.7204955,-11461544.14,-66.501875,-0.81578947,112.79,0.302375
145,7/19/2016 0:00,5283.0,-2.253301715,-0.136549604,-1.7109868,3627400.2,30.0609722,-2.44736843,39.89,0.215147368
146,7/20/2016 0:00,-9823.0,-0.278266125,-0.091259008,-5.11824,-3610887.83,-57.4533334,0.81578948,45.87,0.066766667
147,7/21/2016 0:00,3798.0,0.295405787,-0.024067559,-3.4909232,22545763.63,51.8257639,0.81578947,37.63,0.299395455
148,7/22/2016 0:00,-25608.0,-0.142217351,0.085000347,-6.469284,-18506363.51,-13.5832639,-2.44736842,59.24,0.15306
149,7/23/2016 0:00,-11906.0,0.133937512,-0.001600633,3.3229569,-528274.35,-36.4293055,0.0,40.99,0.16504
150,7/24/2016 0:00,55825.0,-0.098908506,-0.012860741,-0.5425367,-198772.83,3.1230555,0.81578947,76.34,0.151866667
151,7/25/2016 0:00,-2042.0,0.060895341,-0.026646803,-4.1566021,8713585.27,-16.2960416,3.2631579,78.34,0.119884
152,7/26/2016 0:00,-2070.0,0.516976149,0.021214578,1.3304179,-5112518.47,37.4670833,1.63157895,56.4,0.210980769
153,7/27/2016 0:00,-740.0,-0.70876727,0.055378586,1.9291499,-10420147.54,-58.6136805,-1.63157895,122.84,0.175624
154,7/28/2016 0:00,-3449.0,-0.084884504,-0.10947273,0.6453904,226317.9,-28.3925,-1.63157895,76.37,0.108086667
155,7/29/2016 0:00,-31930.0,-0.094191723,-0.005334322,-0.5871009,-5945831.61,-27.9415278,-4.07894737,78.16,0.082139286
156,7/30/2016 0:00,-7230.0,0.590392679,0.140155096,-19.4629784,33033732.77,137.5736111,4.07894737,91.53,0.206
157,7/31/2016 0:00,32795.0,0.013369532,0.149799478,-15.4327219,-523069.24,90.8584028,4.07894737,117.46,0.539618182
158,8/1/2016 0:00,26049.0,5.875156362,-0.021794347,-28.2997062,36538326.25,188.2372916,6.52631579,74.99,0.326363158
159,8/2/2016 0:00,-9316.0,-4.623032125,0.547634177,-41.7243094,-30006546.71,41.0551698,33.44736842,55.54,0.250203571
160,8/3/2016 0:00,-9947.0,-0.845741487,0.155331778,22.505876,-23504354.97,17.0022376,-29.36842105,38.55,-0.025065714
161,8/4/2016 0:00,-3591.0,-0.645743992,0.186620277,-0.3127036,-9093416.7,-224.478395,-7.34210526,42.64,0.24225
162,8/5/2016 0:00,-32575.0,0.183218841,-0.005727164,2.8632898,6909226.76,-76.1401235,-7.34210527,89.43,0.2587
163,8/6/2016 0:00,-3255.0,-0.07764975,-0.058251191,15.0453426,-3573382.47,104.8742284,4.07894737,76.61,-0.000533333
164,8/7/2016 0:00,42881.0,0.252722724,-0.037290665,-0.1862786,-5614216.89,-62.5518518,0.81578947,60.56,-0.06788
165,8/8/2016 0:00,-3895.0,-0.473694057,0.057906361,-3.0945669,507926.7,34.3155864,-1.63157894,108.83,0.028133333
166,8/9/2016 0:00,13340.0,0.116333713,-0.130948527,3.7644569,21362614.66,-78.7453241,-1.63157895,61.67,0.151911111
167,8/10/2016 0:00,9775.0,-0.201110884,-0.318650843,2.6302677,-11630939.53,-50.025,-2.44736842,81.76,0.208208333
168,8/11/2016 0:00,-21542.0,-0.012676278,0.023100777,-6.1325988,-9540435.33,40.9429167,-0.81578948,43.24,0.2019
169,8/12/2016 0:00,-18404.0,-0.089017711,0.005711322,-0.0905379999999,-4476001.59,-55.0419445,-2.44736842,63.0,0.147538462
170,8/13/2016 0:00,-14395.0,0.343702855,-0.063561677,-10.5781364,9471131.44,64.5401389,-0.81578947,55.14,0.03866
171,8/14/2016 0:00,2722.0,-0.123753422,0.010850807,-6.9278465,-1265611.15,-3.0990972,3.26315789,137.71,0.09055
172,8/15/2016 0:00,51535.0,0.051112931,-0.057055623,3.4010017,3148302.1,18.9259722,0.0,91.36,0.209957143
173,8/16/2016 0:00,-16428.0,0.318741257,0.006493344,2.798039,215097.87,-62.9199305,0.0,105.49,0.024327273
174,8/17/2016 0:00,1538.0,-0.585354817,0.014770684,-0.7779997,2400415.16,-41.1627778,0.0,83.6,0.239981818
175,8/18/2016 0:00,6554.0,0.046793042,0.138394221,0.3317458,-8674796.58,-14.1694445,-2.44736842,59.73,0.1898
176,8/19/2016 0:00,-37871.0,-0.084579005,-0.02281564,3.0381341,469456.44,-23.2471527,0.0,56.17,0.022752632
177,8/20/2016 0:00,-23320.0,-0.013483657,-0.046671736,3.4187021,-2691896.5,6.9590972,-0.81578947,53.76,0.304384615
178,8/21/2016 0:00,43469.0,0.174295717,-0.023146225,2.6050877,6015337.97,-3.2159722,1.63157895,44.8,0.026621053
179,8/22/2016 0:00,10648.0,-0.202572028,-0.105218804,0.6164893,-304207.86,83.9404861,3.26315789,39.89,0.105790476
180,8/23/2016 0:00,-3891.0,-0.038323805,0.003720556,-2.9982562,-2790583.25,-59.3941667,0.0,40.46,0.044616129
181,8/24/2016 0:00,-1121.0,0.484224556,0.010307884,-4.9077139,1577138.07,5.7360417,0.57894737,43.23,0.00102
182,8/25/2016 0:00,-7242.0,-0.556876535,-0.028319727,2.1004224,-6800152.75,-15.1140278,-4.63157895,83.01,-0.000130769
183,8/26/2016 0:00,-35669.0,0.076669434,0.038964822,-5.0184524,-1339921.12,19.1614583,2.31578948,117.24,0.06956875
184,8/27/2016 0:00,-16609.0,-0.063393693,0.011685851,-1.6571893,-4116181.887,-42.0972916,1.15789473,139.2,0.04049375
185,8/28/2016 0:00,50793.0,0.047022621,-0.010469931,2.5081244,6163643.417,2.4184722,-1.15789473,86.28,0.099552941
186,8/29/2016 0:00,26720.0,0.147852395,-0.006408477,2.2633872,2844232.09,2.6215278,-1.73684211,87.44,0.105052941
187,8/30/2016 0:00,-26642.0,0.327218382,0.012348239,-3.2000165,616100.13,-12.7314584,-2.89473684,46.48,0.159631429
188,8/31/2016 0:00,12106.0,0.321514002,-0.243966408,1.0792058,-1526120.59,11.0495834,5.21052632,45.98,0.145977778
189,9/1/2016 0:00,-11610.0,0.109026634,-0.230212489,1.9701602,111557.31,-20.765,-4.05263158,38.52,0.1454
190,9/2/2016 0:00,-43652.0,-0.052194028,-0.066768262,4.8300831,24248827.71,26.7225,1.7368421,40.85,0.095722222
191,9/3/2016 0:00,1040.0,-0.251266471,-0.077457998,22.6989498,-16142685.06,148.3745833,1.73684211,11.49,0.21705
192,9/4/2016 0:00,44439.0,0.236651231,0.09092428,2.2419339,-272066.52,-61.1238194,1.15789473,75.51,0.256625
193,9/5/2016 0:00,4435.0,-0.234446169,-0.002049807,1.4642258,-8979834.19,-47.7539584,0.0,145.01,0.085190909
194,9/6/2016 0:00,18691.0,-0.156941144,-0.128668107,3.7318411,1572437.37,-68.1679861,-0.57894736,30.28,0.016655
195,9/7/2016 0:00,-23803.0,-0.134120239,0.017775923,10.0356434,6685862.52,90.6406945,1.7368421,22.17,0.260388889
196,9/8/2016 0:00,-6472.0,0.292814718,0.156444456,2.1129724,-6015679.0,-12.7246528,2.31578947,27.04,0.097164286
197,9/9/2016 0:00,-27214.0,-0.512444833,0.039808359,1.9351122,-3601996.38,-75.2458334,-1.7368421,35.65,0.097234783
198,9/10/2016 0:00,-12929.0,0.614315546,0.035773996,-3.4187807,6868348.92,91.4144445,-2.89473684,33.11,0.0915
199,9/11/2016 0:00,28258.0,0.34732219,0.115208436,-12.4098254,4174677.59,-37.2855556,2.89473684,50.18,0.289785714
200,9/12/2016 0:00,31237.0,-0.485601228,0.061195178,1.8093172,8206800.29,-38.4142361,0.57894737,39.54,0.13254375
201,9/13/2016 0:00,-8086.0,0.027173353,-0.021630917,1.6868415,-17899551.57,-12.6778472,-3.47368421,67.65,0.238214286
202,9/14/2016 0:00,1688.0,-0.700955016,-0.133492032,-3.0052145,-2136482.78,-23.6480556,4.05263158,28.87,0.294821739
203,9/15/2016 0:00,-22360.0,0.235090208,-0.010061412,-0.4544067,-450523.61,-0.1621527,-3.47368421,30.61,0.173251852
204,9/16/2016 0:00,4401.0,0.209151841,-0.03096547,-1.2573249,-3850497.186,-6.2659723,-0.57894737,44.18,0.212811111
205,9/17/2016 0:00,-23926.0,-0.429942222,0.059779595,0.8943431,542021.081,30.3675695,-1.73684211,26.59,0.07768
206,9/18/2016 0:00,31937.0,0.009021153,-0.115732591,1.0247597,4051665.105,-13.1864583,1.15789474,97.8,0.106453846
207,9/19/2016 0:00,20775.0,0.272552499,-0.001629455,-0.6834878,656903.38,-11.6681945,1.7368421,74.44,0.2939375
208,9/20/2016 0:00,-5099.0,1.654418808,0.073247201,-9.1157071,8099607.65,83.5088195,0.0,58.92,0.059228571
209,9/21/2016 0:00,-7989.0,-1.604918939,-0.064690942,-1.8790164,-7922387.37,-48.1436806,-1.15789473,31.41,0.10876
210,9/22/2016 0:00,-8040.0,-0.331731527,-0.067561112,1.3328856,994589.68,36.2343056,2.89473684,64.81,0.1609
211,9/23/2016 0:00,-14537.0,0.00041955,0.026360197,3.38783,-7931343.792,-51.6469445,-4.05263158,60.71,0.283822222
212,9/24/2016 0:00,-13008.0,0.042329841,-0.028971721,-1.8736563,-59478.714,15.6051389,1.15789474,106.95,0.10184
213,9/25/2016 0:00,35127.0,0.435003569,0.071762184,3.773154,8947887.266,46.2039583,4.05263158,53.57,0.1293
214,9/26/2016 0:00,9566.0,-0.452279626,0.021935145,1.0994453,-1001749.75,-25.9401389,-3.47368421,30.74,0.129521739
215,9/27/2016 0:00,-5340.0,0.598150544,-0.051894529,-0.558889,-4323541.31,-41.7623611,-1.15789474,56.95,0.187136667
216,9/28/2016 0:00,7735.0,-0.030820654,-0.136880228,1.3634286,4072351.58,24.2934028,0.0,38.39,0.082859091
217,9/29/2016 0:00,8213.0,-0.320908896,-0.002693731,-0.221857,-395458.64,-3.5397222,-0.57894737,51.81,0.117145455
218,9/30/2016 0:00,-37013.0,-0.225490946,0.051968554,6.5099656,-5039139.38,5.6132639,-0.57894737,34.93,0.036790909
219,10/1/2016 0:00,-21247.0,0.844599833,-0.077623401,-1.3717701,7980.05,-54.4411806,0.0,59.96,0.000942857
220,10/2/2016 0:00,66122.0,-0.19620873,-0.039766824,-0.4689712,3627922.88,-21.7936805,5.78947369,102.52,0.246733333
221,10/3/2016 0:00,5857.0,-0.56260748,-0.022757215,-1.4994844,1235679.18,-2.3775695,-3.47368421,78.99,0.30285
222,10/4/2016 0:00,2149.0,2.957393029,0.093361124,1.880423,-1555875.01,23.0679167,0.57894736,48.13,0.0275625
223,10/5/2016 0:00,7675.0,-1.708769885,0.075543833,0.4022535,-491452.94,-40.1145139,0.0,65.03,-0.0965
224,10/6/2016 0:00,-8162.0,-0.462125824,-0.054524468,2.5973157,5901283.37,52.0699306,0.0,58.51,0.255348387
225,10/7/2016 0:00,-15652.0,-0.920813264,-0.057067505,2.5079349,-10683007.854,-26.9130556,-1.7368421,57.08,0.148325
226,10/8/2016 0:00,-40124.0,-0.075685575,0.07044666,-1.3253777,-93391.313,18.0804861,2.31578947,64.33,0.34066
227,10/9/2016 0:00,12448.0,0.222097021,-0.045115568,0.3074948,8166794.437,36.6486806,-1.15789473,102.18,0.299125
228,10/10/2016 0:00,40569.0,0.98976579,0.057442933,15.0606481,17209281.15,181.2844444,4.63157894,15.2,0.028041667
229,10/11/2016 0:00,-30125.0,-0.735319821,0.12500405,7.181165,-15954996.35,-97.3884028,2.89473684,54.57,0.023216667
230,10/12/2016 0:00,-3737.0,1.274422219,0.039732914,-0.9717079,-319539.49,-53.9353472,-5.78947368,59.38,-0.1373125
231,10/13/2016 0:00,10021.0,-0.786007922,-0.162425292,-0.7891006,1394483.55,-14.4005555,-2.31578947,50.64,-0.09776
232,10/14/2016 0:00,-29276.0,-0.896368516,-0.015679747,2.1375161,-10767613.956,-15.3789584,1.7368421,80.62,0.288411111
233,10/15/2016 0:00,-12572.0,1.070959101,0.027314428,0.2770385,588050.451,-9.1034722,-2.89473684,98.91,0.158966667
234,10/16/2016 0:00,39356.0,-1.018094168,-0.063123621,-1.2435639,10301291.865,2.7391667,4.05263158,98.05,0.212135714
235,10/17/2016 0:00,14289.0,0.275523334,-0.007776155,-1.3586398,-1935163.31,28.105625,-1.15789474,115.14,0.215008696
236,10/18/2016 0:00,-52438.0,-0.124949119,0.032373743,-5.1322586,6932284.41,24.7054861,1.15789474,45.55,0.201312821
237,10/19/2016 0:00,71297.0,0.630834246,-0.030069576,-2.9271224,-9735559.58,-13.5901389,-1.15789474,61.32,0.1437
238,10/20/2016 0:00,-5025.0,-0.373485388,0.019052538,2.2657407,5241426.69,-32.0513889,-6.36842105,48.77,0.037411111
239,10/21/2016 0:00,-48647.0,0.525282908,0.041431244,10.4663402,5987669.07,126.2871528,6.36842105,34.08,0.154128
240,10/22/2016 0:00,-25130.0,-0.413562019,-0.029236253,12.250289,-11799506.16,25.834375,-0.57894737,41.54,0.3651
241,10/23/2016 0:00,35402.0,0.36457832,0.083954814,-3.1919725,7790323.42,-54.0469445,0.0,85.95,0.20365
242,10/24/2016 0:00,10050.0,-0.713799157,-0.198740753,3.9089841,6268236.03,-18.2797222,5.21052632,58.65,0.213895455
243,10/25/2016 0:00,-13714.0,1.004743734,-0.023260563,9.7676833,6672518.04,117.8163195,-0.57894737,114.51,0.242771429
244,10/26/2016 0:00,103072.0,-0.281804841,-0.046244522,16.6112643,-3196603.76,19.5284027,2.89473684,40.45,0.155792
245,10/27/2016 0:00,-75512.0,-0.360321117,0.060315936,4.374506,-5736931.9,-70.0915972,2.31578948,85.31,0.066127273
246,10/28/2016 0:00,-21187.0,0.324997514,0.15406656,19.7546044,7731703.85,131.3680556,4.63157894,74.06,0.193061538
247,10/29/2016 0:00,-21707.0,0.102011795,0.028185646,-1.7370621,-7545173.22,-12.3890278,-4.63157894,76.83,-0.051428571
248,10/30/2016 0:00,33796.0,0.173709233,-0.132291063,-4.3454889,929001.59,23.083125,0.0,80.76,0.084257143
249,10/31/2016 0:00,4872.0,-0.059430222,-0.002744049,22.0259849,18558452.27,10.06,3.47368421,95.82,0.198018182
250,11/1/2016 0:00,21768.0,-0.377293615,0.041807077,5.090437,-15329094.58,-35.7381945,-2.89473684,44.68,0.206821739
251,11/2/2016 0:00,3580.0,1.425856762,-0.025148596,-2.2848863,36122851.65,273.3214584,0.57894736,60.79,0.090935294
252,11/3/2016 0:00,-23955.0,-0.751127527,0.028410394,-25.1265254,-31534456.23,-34.0172917,0.57894737,63.05,0.187776
253,11/4/2016 0:00,-9828.0,-1.007885279,-0.048026728,3.7038456,-18457511.07,-255.47625,-0.57894737,87.98,0.104608696
254,11/5/2016 0:00,-12429.0,0.439457217,0.014156749,5.9868919,1963121.06,36.6455556,-6.36842105,107.72,0.177969231
255,11/6/2016 0:00,48495.0,-0.34132028,-0.008225864,-3.8515787,1339741.75,49.9858333,2.89473684,121.17,-0.0058
256,11/7/2016 0:00,21779.0,-0.039095511,-0.062223582,2.334319,7560192.18,-73.6797917,-1.7368421,74.75,0.21817
257,11/8/2016 0:00,-25965.0,0.590157581,0.025984671,17.8535339,20400868.33,128.5251389,16.78947368,119.44,0.291035714
258,11/9/2016 0:00,1279.0,-0.536936425,0.01968749,-9.8020893,-23722648.78,-108.1118055,-13.31578947,246.03,-0.010509524
259,11/10/2016 0:00,-16755.0,0.403411639,0.034679305,0.4832697,-5990702.62,-33.8067361,-4.05263158,272.71,0.151608333
260,11/11/2016 0:00,-25733.0,-0.42557382,0.011410803,-6.2212823,-2165713.43,-11.7331945,1.7368421,140.42,-0.0658125
261,11/12/2016 0:00,-9229.0,0.564678546,0.045230947,-11.5609797,8051140.01,116.8621528,-2.89473684,178.53,0.170528571
262,11/13/2016 0:00,50849.0,-0.621175257,-0.007224893,4.9627035,1256730.87,-98.4919445,4.63157895,339.37,-0.007636364
263,11/14/2016 0:00,9846.0,0.438760431,-0.065882984,8.5846455,2157861.82,40.4745139,-1.15789474,263.29,0.122626923
264,11/15/2016 0:00,9437.0,7.087636822,0.508399081,13.1886016,27374423.34,144.7027778,0.0,161.83,-0.007803125
265,11/16/2016 0:00,-12329.0,-7.049995498,0.244313669,18.7172423,-9081431.32,-3.1433333,2.31578948,135.29,0.226886667
266,11/17/2016 0:00,-1535.0,0.279287363,-0.005137347,0.00518339999996,-17061790.54,-93.333125,1.7368421,111.0,0.070583784
267,11/18/2016 0:00,-26165.0,-0.361924676,-0.108287831,5.9582761,-8488721.08,-90.6334722,0.57894737,176.29,0.026224324
268,11/19/2016 0:00,-6169.0,0.200972138,0.024666755,-7.875938,12785863.94,157.0116666,-4.05263158,117.88,0.33311
269,11/20/2016 0:00,42202.0,-0.641282702,-0.103891567,-6.4636695,-7618660.63,-115.7888194,-1.15789474,111.02,0.31542
270,11/21/2016 0:00,-158.0,0.364830067,-0.659714797,7.7693131,8355565.39,-12.773125,2.4150376,94.21,0.00015
271,11/22/2016 0:00,-8711.0,0.337280448,0.005590729,1.0963246,-7593320.24,78.5165278,-2.4150376,102.35,0.165353125
272,11/23/2016 0:00,51614.0,-0.475906629,0.67073703,-4.770377,627377.52,-14.6827084,0.0,84.27,0.065609524
273,11/24/2016 0:00,-13151.0,-0.214605127,0.035166501,-2.8679903,-5193054.48,-89.06875,-2.41503759,84.01,0.032273684
274,11/25/2016 0:00,-37779.0,0.31100138,-0.005370193,-0.9199524,-5038687.44,-11.7811111,2.41503759,90.3,0.079336842
275,11/26/2016 0:00,-40219.0,0.502868389,-0.1320319,-2.0123799,849225.22,-4.9972917,-2.41503759,69.39,0.060166667
276,11/27/2016 0:00,61141.0,-0.936380242,0.025805877,2.5630986,7385660.06,-62.8544444,1.2075188,95.7,-0.02495
277,11/28/2016 0:00,-8880.0,0.043648359,-0.002256587,-2.2509056,259872.14,-55.5127083,2.41503759,96.79,0.225466667
278,11/29/2016 0:00,3004.0,0.642907448,-0.507975624,5.6346297,4076939.53,9.0743055,-2.41503759,56.24,0.070617647
279,11/30/2016 0:00,-52972.0,-0.421722874,-0.147287933,9.493116,5891601.11,43.5513889,3.62255639,63.67,0.126865625
280,12/1/2016 0:00,75796.0,0.249363584,0.054936336,19.4077733,8678858.18,158.5452778,2.41503759,167.88,0.168093548
281,12/2/2016 0:00,-27490.0,-0.228532653,0.045341423,-2.9431342,-23956751.45,-99.2570833,-8.45263158,144.2,0.073844444
282,12/3/2016 0:00,-42338.0,-0.096964712,-0.02180556,-0.5591787,-2246054.48,-34.7047223,4.83007519,152.48,0.162378261
283,12/4/2016 0:00,32351.0,0.747825869,0.014525325,-8.3166632,16628226.18,120.7786111,-1.2075188,137.3,0.055591667
284,12/5/2016 0:00,41761.0,-0.532342062,-0.006466668,1.1663007,-4639676.75,-74.2109722,0.0,113.93,-0.15374
285,12/6/2016 0:00,-9008.0,-0.262747283,0.015461527,4.6554151,1602890.93,-94.1649305,1.2075188,158.64,0.166184615
286,12/7/2016 0:00,-28043.0,0.066506592,0.047292967,6.0227127,-5423685.34,29.7249305,-2.41503759,162.0,0.145808889
287,12/8/2016 0:00,-13896.0,-0.12422953,0.010612878,1.9728352,-3754773.88,-10.600625,-1.2075188,125.48,0.103885
288,12/9/2016 0:00,-18574.0,0.41943926,0.020646396,4.341374,-5236437.28,-30.0208333,-2.41503759,97.26,0.062608696
289,12/10/2016 0:00,-20308.0,-0.388073089,-0.037602015,-5.7864197,-1542193.45,5.0995139,4.83007518,130.24,0.023828
290,12/11/2016 0:00,38729.0,0.021461591,-0.079271551,7.0670031,10095783.5,43.1300694,0.0,125.68,0.094621154
291,12/12/2016 0:00,23095.0,0.132368804,0.10630319,3.4407777,3058288.49,-5.503125,0.0,99.45,0.046844118
292,12/13/2016 0:00,-5429.0,-0.143683351,8.0866e-05,-1.5063458,-7310124.39,-7.8090278,0.0,336.71,0.032934091
293,12/14/2016 0:00,-3643.0,-0.115385063,0.007109061,-0.3344115,2206983.97,-67.4635416,-1.20751879,53.87,0.126234884
294,12/15/2016 0:00,-3324.0,0.041720715,0.005160126,2.5831305,1686209.27,85.7086111,1.20751879,232.94,0.040541667
295,12/16/2016 0:00,-41231.0,0.284121832,0.004574978,8.8322335,-2008298.79,-14.1156945,-3.62255639,53.13,0.136082609
296,12/17/2016 0:00,-2341.0,-0.26891652,-0.003866772,-0.1736885,-7525891.03,-56.4388194,1.2075188,61.8,0.088666667
297,12/18/2016 0:00,46340.0,-0.064890717,-0.007777651,2.2302339,8859980.95,-55.4247917,3.62255639,149.81,-0.040592
298,12/19/2016 0:00,14344.0,-0.059760577,-0.00621534,1.2236127,6046249.6,39.4530556,-1.2075188,91.47,-0.032236364
299,12/20/2016 0:00,29204.0,0.646799119,-0.028498082,21.9286771,25219608.76,211.0852083,10.86766918,59.25,0.155184211
300,12/21/2016 0:00,-11033.0,4.482631591,0.007421094,44.2446143,11677640.35,156.9426389,14.49022556,37.37,0.226163333
301,12/22/2016 0:00,-9647.0,-3.070791527,0.009420632,41.3782378,28653277.87,73.4704167,1.2075188,50.35,0.15417037
302,12/23/2016 0:00,-64177.0,-0.496218222,-0.060057677,3.2726396,-56886555.85,-77.0484028,-10.86766917,35.7,0.112963043
303,12/24/2016 0:00,-43456.0,-0.11450128,0.053992506,-26.3168516,502390.94,-48.3797222,0.0,67.43,0.194108108
304,12/25/2016 0:00,47550.0,-0.44659063,-0.037629503,24.5566068,-1307358.81,-21.1256945,-6.03759399,187.34,0.2300375
305,12/26/2016 0:00,51632.0,0.255154535,-0.058267193,17.1932013,8495373.02,-26.5940972,9.66015038,155.98,0.163208511
306,12/27/2016 0:00,8848.0,0.372983727,0.0506517,37.0901967,26000817.02,142.2572917,8.45263158,108.11,0.149023214
307,12/28/2016 0:00,-789.0,-0.286097435,-0.006311108,12.6097874,-9749864.38,-60.5215278,-4.83007519,161.59,0.1461425
308,12/29/2016 0:00,-17787.0,0.085806822,-0.057973143,-15.5233814,2426374.58,38.4449306,-4.83007519,116.01,0.181119355
309,12/30/2016 0:00,-36545.0,-0.430005381,0.00098912,2.9888897,-37106893.02,-37.7582639,-12.07518797,141.16,0.159927869
310,12/31/2016 0:00,-69771.0,-0.191033866,-0.000284046,19.4574557,14784798.23,-118.7097223,8.45263158,127.18,0.095030435
311,1/1/2017 0:00,110449.0,1.398056685,0.089106046,40.1875816,25825439.81,103.4848612,35.01804511,235.1,0.200979167
312,1/2/2017 0:00,10713.0,-0.633408004,0.103662734,6.357342,-10837419.82,26.8489583,-6.03759398,242.04,0.181868
313,1/3/2017 0:00,26978.0,2.391303978,0.021300215,59.523929,100610219.44,217.9004861,18.11278191,89.85,0.181646667
314,1/4/2017 0:00,-40141.0,6.065921797,0.122293074,-34.464431,76144945.5,138.329306,16.9052632,101.99,0.259444898
315,1/5/2017 0:00,57904.0,-3.538554284,-0.081060096,-114.4044686,-79865697.4,45.279027,-21.73533835,134.47,0.105641667
316,1/6/2017 0:00,-64345.0,-0.75372749,-0.115835425,-61.2270682,-49207169.9,-107.5623608,-10.86766917,96.97,0.188813514
317,1/7/2017 0:00,-21959.0,-2.863173486,-0.0240582,42.0889433,-40578994.83,-129.8930555,-10.86766917,110.23,0.115766667
318,1/8/2017 0:00,9846.0,-0.611511513,-0.07471908,-19.0631624,-12811218.92,-27.2930556,-3.62255639,272.01,0.140082143
319,1/9/2017 0:00,53941.0,-0.923800158,-0.032319605,12.1830315,-2072021.33,-82.58,-4.83007519,121.76,0.079913953
320,1/10/2017 0:00,-20830.0,3.806972533,0.17697038,-61.8363562,107398308.68,180.3711111,10.86766917,121.9,0.107668571
321,1/11/2017 0:00,-7933.0,-1.175503549,0.515258953,-58.948944,-69956811.3,-55.39125,1.2075188,124.56,0.113037143
322,1/12/2017 0:00,-22378.0,-1.350111125,-0.408142316,22.6107222,-20163689.57,-149.0977778,-13.28270677,113.32,0.187792308
323,1/13/2017 0:00,-30478.0,-0.888312755,-0.224216531,19.4639944,-31421250.14,-169.4378472,-6.03759398,135.56,0.121585714
324,1/14/2017 0:00,-6270.0,-0.490931218,0.014953338,-9.074082,-13609950.37,-116.5746528,-3.62255639,111.9,0.348769565
325,1/15/2017 0:00,31641.0,-0.013878371,0.042518576,10.2087426,8834552.15,-46.1505555,-1.2075188,188.29,-0.0236
326,1/16/2017 0:00,25057.0,1.291257514,0.128114649,47.2843057,48238237.08,181.6227778,2.41503759,114.17,0.115507018
327,1/17/2017 0:00,4403.0,-0.034459443,0.260592622,9.7413755,-14497876.61,36.0442361,-2.41503759,160.96,0.235296774
328,1/18/2017 0:00,3505.0,-1.056920452,-0.499390759,8.017699,-7974147.64,-111.9341667,-2.4150376,135.59,0.217078378
329,1/19/2017 0:00,-2228.0,-0.422655349,0.001027953,2.1909796,-17456656.13,-102.2495833,0.0,95.56,0.134961905
330,1/20/2017 0:00,-34815.0,0.24730894,0.006515618,22.0351321,870655.02,-9.1088195,-1.20751879,141.55,-0.026803448
331,1/21/2017 0:00,-26676.0,0.209750086,0.006779668,4.6090676,10406415.96,29.1208334,0.0,151.63,0.12989
332,1/22/2017 0:00,-1356.0,-0.369785702,0.00649547,-1.7571729,-17191062.65,-109.7603473,-1.2075188,185.71,0.225078788
333,1/23/2017 0:00,42647.0,0.507253703,0.120163113,-12.2953397,23562499.11,-196.62354162,1.2075188,154.77,-0.067578947
334,1/24/2017 0:00,26550.0,-0.685167194,0.144147008,-11.0763403,-21868699.9,-55.83930556,0.0,136.15,0.089544828
335,1/25/2017 0:00,9028.0,-0.273170213,-0.138000443,9.9946531,-349755.1,-2.41548611,-1.2075188,175.14,0.047529032
336,1/26/2017 0:00,-50423.0,-0.090331346,-0.06142408,10.3407701,-3119472.94,1.15847222,-2.41503759,89.25,0.089121053
337,1/27/2017 0:00,-16937.0,-0.207195473,-0.11143912,1.5446426,-16248993.17,-4.31638889,1.20751879,135.05,0.153476923
338,1/28/2017 0:00,-4768.0,-0.117832905,-0.040341566,0.3069571,-2347886.69,-0.82625,-2.41503759,152.15,0.073455102
339,1/29/2017 0:00,5781.0,0.128458445,0.004045399,-0.5248212,7178709.36,0.27791667,-1.2075188,186.22,0.038613699
340,1/30/2017 0:00,60275.0,0.7223549,0.005064973,22.5714778,38283404.86,6.11555556,7.24511278,115.06,0.138461224
341,1/31/2017 0:00,42877.0,-0.109247217,0.04808205,30.2447767,-13961566.1,0.84951389,2.4150376,139.29,0.151041379
342,2/1/2017 0:00,-91001.0,0.008792842,-0.013183785,20.2128306,15134842.2,-1.18583334,3.62255639,158.28,0.23775
343,2/2/2017 0:00,64004.0,0.735407162,0.018821809,20.300982,8361870.01,4.573125,0.0,113.53,0.138528571
344,2/3/2017 0:00,-38785.0,-0.439008674,-0.004311712,5.168643,-16228930.83,-4.11256944,-3.62255639,131.28,0.143076923
345,2/4/2017 0:00,7323.0,-0.225232822,-0.034996373,3.147709,-11253215.43,-3.42486111,-6.03759399,88.69,0.036053333
346,2/5/2017 0:00,-62074.0,-0.261109287,-0.009819459,1.592301,-1675970.21,-0.31305556,3.62255639,211.26,0.143897872
347,2/6/2017 0:00,95241.0,0.152909446,0.038946787,19.436267,15402814.03,3.72708333,2.4150376,150.83,0.214823077
348,2/7/2017 0:00,-16952.0,0.734612946,0.010900692,11.930248,22677882.32,5.02583334,6.03759398,121.82,0.124494595
349,2/8/2017 0:00,38228.0,2.807332563,0.026032181,-32.32422,83003063.18,14.83444444,1.2075188,118.99,0.07508
350,2/9/2017 0:00,-44755.0,-2.198944177,0.02851315,-43.9947247,-93518568.46,-16.50201389,-1.2075188,74.34,0.147455556
351,2/10/2017 0:00,-39103.0,-0.758070139,-0.058704199,29.6196267,-32539535.07,-7.04284722,-6.03759398,231.24,0.151382051
352,2/11/2017 0:00,-24942.0,-0.989903104,-0.077711107,-2.516756,-14112480.72,-3.86902778,-3.62255639,57.47,0.186716667
353,2/12/2017 0:00,50546.0,0.747037755,0.031741437,-5.7348034,16887482.8,3.94666667,-2.4150376,162.36,0.06343
354,2/13/2017 0:00,26794.0,0.00017843,-0.021262611,8.6480544,9567649.44,-0.459375,2.4150376,77.85,0.129271053
355,2/14/2017 0:00,-20298.0,-0.556725451,-0.006675439,3.329171,-16321943.37,-4.122777778,-2.4150376,120.2,0.047938095
356,2/15/2017 0:00,-11583.0,0.32947469,0.008012659,16.420049,19487302.15,3.077361108,6.03759399,130.16,0.2011375
357,2/16/2017 0:00,36564.0,0.180543789,0.011035493,18.707285,6922315.24,0.65,-2.4150376,89.07,0.181534615
358,2/17/2017 0:00,-33624.0,0.403617572,0.011218866,14.373688,-21090949.37,-3.34451389,2.4150376,143.29,0.214524324
359,2/18/2017 0:00,-34422.0,-0.728637789,0.07119522,-6.978642,-10263570.54,-1.752499996,-6.03759399,87.44,0.193344
360,2/19/2017 0:00,31007.0,0.177412776,0.001326752,4.072042,15192896.81,2.565347226,1.8112782,123.54,0.196058696
361,2/20/2017 0:00,-3638.0,0.869592548,0.013200937,41.367466,36337983.43,6.39548611,14.49022556,66.08,0.145328125
362,2/21/2017 0:00,3104.0,0.970693134,0.09042106,19.821511,-14057191.56,-2.79840278,-3.62255639,87.54,0.255007143
363,2/22/2017 0:00,43719.0,-1.20036152,0.004675304,24.552222,25204748.3,2.66215278,5.43383459,226.71,0.09427
364,2/23/2017 0:00,17892.0,2.322894887,-0.052971757,35.458559,57576137.12,10.04520833,10.86766917,84.74,0.123061538
365,2/24/2017 0:00,-17284.0,-1.818510236,-0.040030115,-13.977027,-90639171.38,-13.01902778,-12.67894737,99.0,0.134446154
366,2/25/2017 0:00,-61318.0,-0.380022224,-0.039264602,-4.052934,-12498637.8,-2.52888889,-7.24511278,35.04,0.224129825
367,2/26/2017 0:00,19352.0,-0.131283965,0.007891609,21.970508,7876769.94,2.32034723,5.43383459,121.6,0.080070588
368,2/27/2017 0:00,40859.0,0.198855714,0.07041986,7.969386,14969761.3,0.55270833,0.0,117.37,0.126792647
369,2/28/2017 0:00,-9531.0,-0.478732492,0.041365834,13.29382,5437945.43,-0.24180556,1.81127819,114.25,0.0641
370,3/1/2017 0:00,13545.0,0.777216837,-0.011221197,32.906808,38699774.11,4.38111112,14.49022557,111.9,0.185897826
371,3/2/2017 0:00,7882.0,0.121363168,0.00219864,34.416333,-14364867.26,-1.33076389,21.7353383,125.27,0.217883824
372,3/3/2017 0:00,-71530.0,-0.274861486,-0.022529475,0.0433149999999,-42630196.52,-5.324375,-18.11278191,88.91,0.183491429
373,3/4/2017 0:00,14959.0,-0.317623377,-0.0075196,-9.334871,-15352649.63,-2.936388892,-12.67894737,89.26,0.129858824
374,3/5/2017 0:00,6992.0,-0.649643286,0.015023387,11.57775,8910599.33,1.498611112,5.43383459,128.58,0.138472414
375,3/6/2017 0:00,40171.0,2.306551962,-0.03971597,-21.30689,73858459.28,7.33083333,3.62255639,104.29,0.147251282
376,3/7/2017 0:00,-30794.0,0.868974631,-0.020630936,-55.424291,7489563.8,5.08215278,1.81127819,71.17,0.0741775
377,3/8/2017 0:00,6524.0,-1.110687268,0.018442192,-21.347866,-54830910.48,-8.56638889,-3.62255639,124.51,0.203052632
378,3/9/2017 0:00,4850.0,6.006448596,0.128269543,28.024438,179585421.68,19.33152778,34.4142857,95.37,0.171627273
379,3/10/2017 0:00,-27801.0,-5.654459552,0.279886087,-31.595892,-167240573.63,-17.51083333,-23.54661653,81.65,0.168739623
380,3/11/2017 0:00,-59571.0,-1.166994024,-0.198723631,26.11228,-28308092.86,-4.50972223,-19.92406015,107.41,0.135393333
381,3/12/2017 0:00,51969.0,0.245040558,-0.012725234,33.900437,16307931.11,5.78638889,3.6225564,167.79,0.004220833
382,3/13/2017 0:00,37316.0,0.328897787,0.04370528,9.423143,-12635065.9,-5.363125,-5.43383459,56.5,0.117090476
383,3/14/2017 0:00,-17961.0,-0.588986928,0.073898299,9.074603,-4352632.94,-0.60229166,-1.8112782,122.3,0.093123529
384,3/15/2017 0:00,34600.0,1.639689388,0.058634118,-28.692824,89913989.52,12.88333333,3.62255639,159.48,0.041335417
385,3/16/2017 0:00,-34838.0,2.110510257,0.063606077,-86.981636,20313911.3,5.675625,0.0,91.44,0.155905769
386,3/17/2017 0:00,-28666.0,0.659108738,0.04105365,-94.385605,24704908.9,2.39118055,14.49022557,152.01,0.130768
387,3/18/2017 0:00,5806.0,-1.755877135,-0.349971429,-21.025343,-87687354.3,-12.421875,-9.05639098,91.27,0.031293103
388,3/19/2017 0:00,7697.0,-1.959501122,-0.110738865,23.458157,-40433227.75,-5.72013888,-5.43383459,153.52,0.139294595
389,3/20/2017 0:00,11022.0,-0.060814993,-0.053806881,47.804535,32157185.81,1.58909722,0.0,161.69,0.100303226
390,3/21/2017 0:00,28538.0,1.29336905,0.032946229,-28.38253,17190483.24,4.48284722,0.0,184.47,0.098221667
391,3/22/2017 0:00,-28722.0,-1.990397614,0.058470519,-16.170886,-55221589.88,-7.63444444,-1.81127819,65.8,0.079430986
392,3/23/2017 0:00,1650.0,1.24921596,0.203855418,-47.046364,63292645.38,10.02979166,0.0,48.67,0.1963425
393,3/24/2017 0:00,-46546.0,2.439681441,0.203236145,-64.0747171,-15528472.3,-1.06694444,5.43383459,106.37,0.142969697
394,3/25/2017 0:00,-21060.0,-2.783035705,0.054855332,39.2943027,-27753453.41,-5.81291667,-12.67894737,103.58,0.156445714
395,3/26/2017 0:00,10376.0,-0.421840961,-0.065059944,29.6388974,9429703.78,0.25111111,3.62255639,152.82,0.128309756
396,3/27/2017 0:00,61710.0,-0.218533082,-0.112481042,35.421014,-6796981.41,-1.67180555,0.0,83.12,0.222886111
397,3/28/2017 0:00,-10070.0,0.976745219,0.064131395,-6.427841,-9618312.57,-0.15236111,-1.8112782,89.73,-0.023689655
398,3/29/2017 0:00,4857.0,-0.05534664,-0.063244679,-2.48405,3493618.28,4.44784722,-3.62255639,66.64,0.153845833
399,3/30/2017 0:00,-29385.0,-1.200027438,-0.08586275,23.536058,15242758.38,-0.95611111,0.0,91.55,0.1061325
400,3/31/2017 0:00,-3532.0,-0.580894705,-0.077757171,27.539068,-36742334.37,-4.11243056,0.0,221.37,0.080625
401,4/1/2017 0:00,-11668.0,0.066439146,0.012660098,5.576037,13195377.93,0.59027778,-3.62255639,208.81,0.125830303
402,4/2/2017 0:00,43938.0,0.583710565,-0.050186651,44.263453,33502881.5,6.48347222,9.05639098,164.7,0.105866667
403,4/3/2017 0:00,-32126.0,1.084411958,0.011063726,12.213196,-22808615.27,-4.78638889,-3.62255639,115.76,0.121369231
404,4/4/2017 0:00,60540.0,-1.661226716,0.172882781,-12.501716,-3953964.96,-0.50097222,-1.8112782,103.95,0.072
405,4/5/2017 0:00,-26090.0,0.229096279,-0.037558912,34.109232,25754398.69,2.98069444,1.8112782,75.28,0.186309091
406,4/6/2017 0:00,4998.0,0.020015052,-0.136270075,23.082482,-30054653.93,-4.775625,-3.62255639,82.38,0.057997368
407,4/7/2017 0:00,-68504.0,-0.242981237,-0.027613163,-2.914256,-30545067.92,-4.83569444,0.0,67.93,0.156512903
408,4/8/2017 0:00,11327.0,-0.567378883,0.227171109,8.072099,14569888.71,1.78708333,0.0,81.5,-0.028837838
409,4/9/2017 0:00,35098.0,0.002264453,-0.094724189,14.000011,-2454032.38,0.18340278,1.81127819,90.35,0.029052381
410,4/10/2017 0:00,34509.0,0.155101305,-0.043138979,6.565468,-780339.24,-0.87645833,5.43383459,118.06,0.069719444
411,4/11/2017 0:00,-29800.0,-0.1519856,0.024470895,5.169885,2626680.88,1.83368055,-1.8112782,41.86,0.161211905
412,4/12/2017 0:00,-49414.0,1.231225305,-0.114180519,-27.040046,20862871.14,2.80875,1.8112782,79.49,0.211094444
413,4/13/2017 0:00,61529.0,3.297398264,-0.071034012,-5.483866,-16417474.8,-2.33263889,-7.24511278,59.73,0.122741667
414,4/14/2017 0:00,-19503.0,-3.832556179,0.216199721,1.315915,-23346529.23,-3.274791662,-3.6225564,116.71,0.138209375
415,4/15/2017 0:00,-58876.0,-0.762060218,0.002781943,-2.018424,-8458814.87,-2.336597222,0.0,74.38,0.0935
416,4/16/2017 0:00,33355.0,0.541333894,-0.007215482,5.51291,28646697.6,5.151597224,7.24511279,119.43,0.108095455
417,4/17/2017 0:00,57907.0,0.041194047,0.023207067,22.314816,8003420.6,0.80243055,1.81127819,119.99,0.214157143
418,4/18/2017 0:00,7013.0,-0.013225057,0.00732634,0.812508,-9027570.23,-0.59201389,-1.81127819,71.39,0.1551
419,4/19/2017 0:00,-42189.0,-0.157534703,-0.060908446,16.255067,15281077.81,1.73222223,-1.8112782,93.31,0.097376667
420,4/20/2017 0:00,62439.0,-0.332574945,-0.005311645,23.084294,-16542903.82,2.43215277,1.8112782,55.86,0.179754839
421,4/21/2017 0:00,-61642.0,0.267249166,-0.131400185,-3.819353,1876993.39,0.89506945,-3.62255639,124.51,0.210847619
422,4/22/2017 0:00,-23673.0,-0.004906286,-0.100184794,2.514757,-2301204.16,8.79805555,-5.43383459,106.1,0.112409524
423,4/23/2017 0:00,-22368.0,0.10830529,0.031543064,2.385644,-1620409.1,-11.095625,5.43383459,171.29,0.187488571
424,4/24/2017 0:00,102716.0,2.20804166,-0.018706191,17.461715,7919270.21,3.43625,7.24511278,144.04,0.051061538
425,4/25/2017 0:00,9084.0,-2.12014167,0.259458999,25.473281,22944957.27,1.41534723,3.62255639,58.82,0.067004444
426,4/26/2017 0:00,-36587.0,0.316562927,-0.047119962,26.004613,3537161.49,-0.10319445,3.62255639,70.4,0.154589655
427,4/27/2017 0:00,7387.0,1.508154983,0.036042813,5.941882,16348756.17,1.56201389,-5.43383459,63.06,0.165117241
428,4/28/2017 0:00,36048.0,-1.252258693,0.022225432,4.832621,-47798743.36,-6.36819444,-3.62255639,62.79,0.151580556
429,4/29/2017 0:00,-59830.0,0.016619928,-0.0186943,-0.292016,1613166.39,0.34166666,0.0,74.46,-0.01856
430,4/30/2017 0:00,13297.0,1.452587843,-0.018970932,53.930756,82932908.11,10.103125,18.11278196,224.35,0.141311111
431,5/1/2017 0:00,38375.0,0.40113506,-0.087185872,52.969449,-34837437.89,-2.33173611,7.24511278,97.49,0.1871875
432,5/2/2017 0:00,-38012.0,-0.14201462,-0.192401097,27.262828,19173254.89,2.96861111,1.81127819,89.58,0.143427451
433,5/3/2017 0:00,59588.0,3.203153674,0.069003775,66.475377,87476126.9,12.91333334,27.16917293,86.79,0.097577083
434,5/4/2017 0:00,-87544.0,-1.029193282,0.072839794,16.224342,-41626185.1,-3.35305556,-9.056391,184.47,0.249535185
435,5/5/2017 0:00,95829.0,-2.582435097,-0.030291762,-8.950871,-88527626.35,-16.47395833,-19.92406012,72.21,0.110225
436,5/6/2017 0:00,-47011.0,0.283271354,0.005119512,2.207858,10887597.47,2.26166666,-3.62255639,107.43,0.155711111
437,5/7/2017 0:00,49085.0,0.972113015,-0.14307137,58.364019,66771301.88,8.08138889,12.67894737,170.8,0.163514894
438,5/8/2017 0:00,-32217.0,1.620217247,0.034852085,103.483181,45432799.3,10.93659723,32.60300754,113.15,0.191138889
439,5/9/2017 0:00,-21488.0,-2.389551799,0.001032837,29.026989,-51379710.3,-6.68055556,-14.4902256,84.95,0.100101887
440,5/10/2017 0:00,-16648.0,1.353854753,-0.060053414,77.36282,40127432.2,-2.99576389,14.4902256,67.32,0.147372826
441,5/11/2017 0:00,22955.0,3.742005234,0.202828545,-41.2105,-7673793.9,0.63652778,19.9240601,49.78,0.171424528
442,5/12/2017 0:00,11568.0,-2.895236561,-0.005645264,-62.665706,-60704605.1,-6.82770833,5.4338346,129.4,0.009653247
443,5/13/2017 0:00,39832.0,-1.495583235,-0.117528171,72.521495,-51200578.48,-8.41659723,-25.3578947,88.54,0.019584
444,5/14/2017 0:00,-39869.0,0.587778042,-0.025049409,-48.116541,62579152.88,11.28944445,50.7157894,59.2,0.010683673
445,5/15/2017 0:00,-95252.0,-0.706291169,-0.019031926,-9.214324,-8614828.4,-1.82986111,-18.1127819,169.44,0.003112195
446,5/16/2017 0:00,83550.0,0.313587977,-0.016121153,75.199316,33431959.1,4.27055555,-25.3578947,118.0,0.08692807
447,5/17/2017 0:00,-28623.0,-0.950727911,-0.03447553,43.720934,-25545373.5,-5.17263889,-14.4902256,62.79,0.18254
448,5/18/2017 0:00,30598.0,0.820217296,0.020705132,84.799154,42373264.9,3.385625,14.4902256,89.48,0.263147328
449,5/19/2017 0:00,33303.0,-0.263695676,0.016839639,58.137303,-22082258.9,-5.25555555,1.8112782,87.23,0.153614118
450,5/20/2017 0:00,-26748.0,5.407222032,0.187547659,51.752389,-11867111.2,5.65486111,17.8805668,54.92,0.09571978
451,5/21/2017 0:00,1811.0,1.84635394,-0.02792396,102.034886,198452213.9,26.36728395,82.2506072,119.98,0.196187273
452,5/22/2017 0:00,39842.0,-3.264892096,-0.039215738,73.270838,-117446228.4,-11.41604938,17.8805668,83.62,0.2221
453,5/23/2017 0:00,-29068.0,1.452996406,0.017690707,157.589776,90212938.8,6.12453703,25.0327936,64.98,0.179433333
454,5/24/2017 0:00,11472.0,15.50746983,-0.0541325,196.650289,237164262.7,22.49837963,75.0983805,76.1,0.231967105
455,5/25/2017 0:00,-16774.0,-0.85836234,0.436732314,-168.37893,-155702073.1,-13.28070987,-75.0983805,51.65,0.166804651
456,5/26/2017 0:00,-1426.0,-0.82698188,0.027966563,-308.42391,-51665856.5,-0.08202161,-42.9133604,62.91,0.218433333
457,5/27/2017 0:00,-23771.0,-7.71270944,-0.15703041,90.132601,-141687488.5,-21.26766975,-50.065587,54.56,0.100154348
458,5/28/2017 0:00,13495.0,-0.35868436,0.159105717,49.502822,-37003477.8,-7.07623457,-7.1522267,96.91,0.089185484
459,5/29/2017 0:00,26323.0,-4.06790169,0.015704684,49.728896,55165810.1,6.1279321,-3.5761134,50.67,0.263158333
460,5/30/2017 0:00,-26327.0,-2.573664176,-0.060974972,-29.951091,9103421.6,-0.51080247,-14.3044534,45.36,0.272842857
461,5/31/2017 0:00,-1925.0,0.130468811,-0.042971711,138.103687,14037996.1,0.03078704,3.5761133,168.16,0.116338462
462,6/1/2017 0:00,-48170.0,-1.69498239,-0.013715992,38.362922,-77283400.2,-9.29544753,-21.4566801,100.04,0.067458889
463,6/2/2017 0:00,33781.0,-0.756334958,-0.037325324,80.326051,-20747521.3,-1.2871142,-3.5761134,61.36,0.087915217
464,6/3/2017 0:00,-39276.0,0.130519402,0.035790063,16.02232,-3834514.9,-2.02554012,-10.7283401,91.58,0.141714286
465,6/4/2017 0:00,23886.0,0.557313759,-0.012153719,77.297588,47800945.7,5.89367284,17.8805668,125.66,0.063578723
466,6/5/2017 0:00,7486.0,7.381675372,0.119539608,223.150395,224346859.6,20.29768518,60.7939272,274.58,0.165134568
467,6/6/2017 0:00,42304.0,-4.21482864,0.135862309,-14.487582,-156219092.7,-12.23009259,-21.4566802,85.3,0.159610656
468,6/7/2017 0:00,-32343.0,-1.12137539,-0.004665109,-59.789206,-56883170.3,-6.46782408,-28.6089069,46.07,0.080507547
469,6/8/2017 0:00,-25193.0,-2.794665873,-0.026817029,70.042215,-53901461.3,-6.27700617,-3.5761133,33.16,0.187982474
470,6/9/2017 0:00,-27191.0,0.790969664,-0.008685015,33.226613,51976024.9,5.83611111,-3.5761134,65.8,0.111002778
471,6/10/2017 0:00,-32101.0,-0.524744687,0.034975725,56.555167,-3768084.1,3.36412037,0.0,67.27,0.1780925
472,6/11/2017 0:00,46206.0,12.124480456,0.153873744,-94.239419,272801334.2,22.6220679,46.4894737,149.93,0.117394656
473,6/12/2017 0:00,22678.0,-8.02034811,-0.094684593,-82.858093,-220519131.1,-22.17345679,-25.0327935,98.63,0.118106015
474,6/13/2017 0:00,-4132.0,3.90936694,0.080326904,-51.709152,103631001.6,8.7966821,0.0,144.57,0.0951928
475,6/14/2017 0:00,5497.0,14.17380088,-0.018202869,-266.859695,110115468.1,11.38263889,35.7611336,48.72,0.101025641
476,6/15/2017 0:00,-23204.0,-17.2064333,0.109268547,77.61222,-243364120.0,-19.65709876,-35.7611336,67.05,0.185466423
477,6/16/2017 0:00,-33383.0,-2.718409731,-0.126190856,95.206821,-33322619.7,1.21195987,-28.6089069,80.07,0.12982037
478,6/17/2017 0:00,-27195.0,1.130086041,-0.004387822,10.48261,-8040934.7,-6.39274691,-7.1522267,91.38,0.162640244
479,6/18/2017 0:00,60415.0,-1.47083038,0.011635642,-4.785355,-12013610.5,0.53973765,3.5761133,147.78,0.141530435
480,6/19/2017 0:00,-336.0,1.27323877,-0.715565625,83.092135,66349754.9,6.97546297,7.1522267,75.3,0.12419918
481,6/20/2017 0:00,10765.0,1.10905958,-0.009994373,50.396018,11318980.7,-3.31682099,3.5761134,93.24,0.106137037
482,6/21/2017 0:00,-10518.0,13.144781,0.273539256,-16.189462,-76061590.8,-8.36003087,0.0,90.96,0.141104132
483,6/22/2017 0:00,-9747.0,-17.759968076,0.431667475,29.508418,-48237529.4,-6.49807098,-14.3044534,93.79,0.104387368
484,6/23/2017 0:00,-32811.0,2.638588486,-0.006456946,-53.261794,50622502.5,6.45733024,0.0,135.04,0.164534615
485,6/24/2017 0:00,-46408.0,0.1882224,0.02974034,-74.586878,-2619164.5,1.44367284,-3.5761134,80.87,0.052551695
486,6/25/2017 0:00,81187.0,5.00221556,0.037010815,-109.468139,127463458.3,15.15385803,21.4566802,92.98,0.197345
487,6/26/2017 0:00,-2169.0,-1.46822716,-0.010833425,-59.450915,-11765974.8,-3.84737655,35.7611336,44.92,0.087164948
488,6/27/2017 0:00,20074.0,-3.11396336,-0.00668576,103.175832,-73795167.5,-9.12075617,-17.8805668,93.1,0.148821014
489,6/28/2017 0:00,-48757.0,-3.112838455,-0.036212155,25.477541,-73499176.3,-6.46064815,-28.6089069,95.31,0.152682171
490,6/29/2017 0:00,36306.0,-0.035508155,0.004586561,-31.963508,1860730.4,-0.54891975,-17.8805668,65.45,0.123318367
491,6/30/2017 0:00,-45504.0,0.02037158,-0.005231506,-58.9666,-10014004.0,-1.79074074,-10.7283401,111.89,0.119567308
492,7/1/2017 0:00,-25317.0,0.527787187,-0.068812917,-25.973844,-3226290.6,1.99475309,3.5761134,129.61,0.054961111
493,7/2/2017 0:00,56705.0,1.037407457,-0.4838197,85.550494,35309318.8,2.99976851,7.1522267,168.71,0.166306612
494,7/3/2017 0:00,2239.0,-1.930611578,-0.027215651,69.281422,-5819914.4,1.61743828,-3.5761134,101.66,0.041289189
495,7/4/2017 0:00,-18475.0,176.565386604,0.062641486,27.511576,27101237.5,-4.04714507,7.1522267,57.7,0.130105634
496,7/5/2017 0:00,-11902.0,-178.672929626,-0.047821622,-29.376443,-56408352.6,-4.63711419,-7.1522267,57.04,0.1371325
497,7/6/2017 0:00,18508.0,2.014748939,-0.03093893,-49.815736,47563503.4,6.36149691,-3.5761133,76.45,0.050219697
498,7/7/2017 0:00,-22779.0,-0.332964071,0.021962465,-24.08995,-64615783.4,-6.71929012,-7.1522268,160.41,0.18135
499,7/8/2017 0:00,-32711.0,-1.960674413,-0.049235889,23.150032,-21023179.11,-5.04899692,0.0,107.61,0.01565
500,7/9/2017 0:00,63598.0,4.651337294,0.03385216,-79.238681,154779411.81,16.95408951,17.8805668,120.39,0.081370886
501,7/10/2017 0:00,14037.0,1.854739607,0.041880895,-109.630528,8514934.3,6.44645062,21.4566802,92.94,0.149811957
502,7/11/2017 0:00,-8621.0,-2.729006635,-0.011454681,-6.666436,-56476388.7,-8.74182099,-10.7283401,85.23,0.09962243
503,7/12/2017 0:00,-11243.0,-1.252993285,-0.018937015,20.913132,-35716875.0,-5.0775463,-10.7283401,70.04,0.105312258
504,7/13/2017 0:00,-17992.0,1.315763283,-0.008556196,-86.837022,49100999.5,6.18834877,-3.5761133,73.54,0.115354032
505,7/14/2017 0:00,-6052.0,5.410963527,0.081323902,-201.577395,52980551.3,6.975,21.4566801,90.61,0.04311954
506,7/15/2017 0:00,-18686.0,0.19180523,0.066794451,-136.025612,34224642.6,4.6966821,25.0327936,49.96,0.148599351
507,7/16/2017 0:00,27150.0,-2.65871259,-0.037794101,113.109438,-1832864.1,-2.4896605,-14.3044535,147.91,0.045301807
508,7/17/2017 0:00,30260.0,0.53252094,-0.009860361,212.677925,67920743.2,3.2496142,0.0,92.6,0.082742553
509,7/18/2017 0:00,-6807.0,1.54286707,-0.040911773,41.951154,-86825784.9,-3.73055555,-7.1522267,88.82,0.179711278
510,7/19/2017 0:00,-23569.0,2.72023391,-0.054166322,171.504042,373507969.3,15.65324074,10.7283401,51.42,0.184376871
511,7/20/2017 0:00,38244.0,0.30616983,-0.010104552,213.74006,-234314505.8,-13.1091821,-3.5761134,100.4,0.131258442
512,7/21/2017 0:00,-45085.0,-6.18299047,-0.024327872,62.755559,-156721283.7,-10.21095679,-14.3044534,73.36,0.135331313
513,7/22/2017 0:00,-42327.0,0.47336927,0.017585181,-7.490233,-16424973.4,-1.91905864,-10.7283401,64.94,0.084102222
514,7/23/2017 0:00,59041.0,-3.704279324,-0.049955343,-13.680489,-58467082.6,-5.10023149,3.5761134,134.15,0.067050602
515,7/24/2017 0:00,3964.0,5.501232254,0.055205651,-117.086449,195395988.7,13.74737655,17.8805668,305.98,0.07999717
516,7/25/2017 0:00,-6183.0,-1.02148815,0.044429189,-114.013797,-129352121.9,-5.29422261,-7.1522268,162.68,0.135384127
517,7/26/2017 0:00,-12484.0,-3.08593216,-0.04134846,63.836929,-38233732.8,-4.61258681,-7.1522267,80.27,0.03907449
518,7/27/2017 0:00,21838.0,1.60473086,-0.002388717,159.870133,83701032.4,7.85824653,17.8805668,40.48,0.094531579
519,7/28/2017 0:00,-36073.0,-0.666729601,0.004921567,-19.255903,-109067546.6,-10.99409722,-17.8805668,45.32,0.080039205
520,7/29/2017 0:00,-26989.0,-0.641167771,0.009313841,-27.114412,4457754.0,-0.67708333,-14.3044534,74.67,0.077171324
521,7/30/2017 0:00,46867.0,-0.450807493,0.006834544,70.664079,19774011.3,6.00121527,39.3372469,126.82,0.150569347
522,7/31/2017 0:00,-99137.0,7.626023195,0.107836849,7.273079,55794873.8,11.29427084,121.5878543,80.96,0.149267544
523,8/1/2017 0:00,77446.0,-8.125894795,-0.126403802,-55.499826,-88919459.6,-12.14461806,-28.6089069,70.77,0.063724581
524,8/2/2017 0:00,3696.0,-2.485663311,-0.022091897,27.932196,-16168282.2,-2.61519097,-82.2506073,57.38,0.08423384
525,8/3/2017 0:00,22775.0,0.176492722,-0.001108345,81.144199,2650674.4,1.60625,-14.3044534,61.0,0.103949541
526,8/4/2017 0:00,3979.0,10.818490554,0.038690406,318.371294,244658159.2,24.60824653,46.4894737,63.9,0.158265101
527,8/5/2017 0:00,-40144.0,-6.43617159,0.004019367,83.501448,-239766361.6,-22.55581598,-39.337247,91.21,0.138119298
528,8/6/2017 0:00,49375.0,1.28075145,-0.015117046,74.578219,81246962.8,4.64496528,28.6089069,94.98,0.139134711
529,8/7/2017 0:00,26572.0,-0.38825143,-0.022441998,116.745143,71800441.3,8.09609375,14.3044534,96.65,0.088330328
530,8/8/2017 0:00,-14619.0,0.26243971,0.037961281,-67.897138,-46247174.1,-5.53003472,-17.8805668,56.87,0.1197
531,8/9/2017 0:00,-2990.0,-3.615247313,-0.032510581,59.082854,-73982662.4,-8.56875,-17.8805668,62.08,0.137866071
532,8/10/2017 0:00,26036.0,2.435898963,0.007265774,115.783718,84355194.4,6.4984375,14.3044535,66.59,0.1031
533,8/11/2017 0:00,-23480.0,7.09778415,0.329976736,253.824558,103949361.5,7.18940972,25.0327935,41.93,0.194238255
534,8/12/2017 0:00,2789.0,9.50003927,0.127913669,261.789538,117133557.1,14.21076389,67.9461538,134.54,0.074718072
535,8/13/2017 0:00,-7948.0,-9.13977359,-0.625262674,152.243714,-53095925.4,-11.28862847,25.0327935,105.01,0.029456311
536,8/14/2017 0:00,55640.0,9.02941124,0.040556915,9.515914,264309694.7,17.55486111,0.0,88.94,0.116573469
537,8/15/2017 0:00,-36136.0,-6.43430183,0.005546436,-11.594259,-323179336.8,-20.34626736,-50.065587,86.83,0.129666452
538,8/16/2017 0:00,72453.0,-1.36930006,-0.002661815,180.100972,65299196.2,4.22439236,-3.5761134,47.71,0.117021429
539,8/17/2017 0:00,-35069.0,-1.33578497,0.029282972,-107.412151,38521641.0,1.05052083,0.0,56.82,0.140097479
540,8/18/2017 0:00,-45418.0,1.97710437,0.005309233,-131.22824,-122713742.7,-10.06875,-16.0925101,60.34,0.114133735
541,8/19/2017 0:00,-55980.0,-5.61335632,-0.031352958,11.863751,-123794902.7,-11.06397569,-21.4566801,121.57,0.081345588
542,8/20/2017 0:00,25920.0,-1.28231447,-0.062717453,-60.890332,69228469.8,10.34583333,0.0,89.23,0.041145833
543,8/21/2017 0:00,-40489.0,11.08731829,0.355409875,-105.625251,252913570.9,15.31276042,21.4566801,60.63,0.141733628
544,8/22/2017 0:00,119451.0,-9.69322407,-0.033443565,201.711223,-245144920.9,-13.69331597,-16.0925101,74.28,0.124877679
545,8/23/2017 0:00,-111929.0,-1.15947226,-0.01910857,53.228275,-53390605.2,-3.17447917,-10.7283401,69.07,0.114894886
546,8/24/2017 0:00,4364.0,-0.36675316,-0.325521357,145.930523,28973615.0,-0.60104167,16.0925101,42.9,0.173255233
547,8/25/2017 0:00,18316.0,-2.56214333,0.031383817,-34.989693,-143296400.6,-10.98480902,-37.5491902,72.15,0.0943
548,8/26/2017 0:00,35406.0,-1.700618761,-0.029432409,21.648215,-3853294.8,-1.12482639,-21.4566802,49.31,0.083707784
549,8/27/2017 0:00,-38120.0,2.090883471,0.612638318,-25.083176,109603275.3,9.63793402,10.7283401,101.92,0.155522078
550,8/28/2017 0:00,57345.0,2.33768263,-0.041256783,150.477684,112493912.5,10.72439237,42.9133603,80.49,0.075905185
551,8/29/2017 0:00,-9650.0,-2.964392452,-0.415194282,109.100947,-114386611.1,-7.36180556,10.7283401,81.46,0.088854902
552,8/30/2017 0:00,9258.0,-0.567513006,-0.128589605,86.367995,16076322.3,0.25651042,10.7283401,42.02,0.070591453
553,8/31/2017 0:00,2946.0,1.767326018,0.027435869,126.826599,117083446.2,6.41362847,10.72834,43.34,0.070188496
554,9/1/2017 0:00,-46859.0,14.20616468,0.069502485,-100.061109,179974847.5,9.65520833,5.3641701,57.53,0.06254965
555,9/2/2017 0:00,-41522.0,-7.03871012,0.023356947,-88.687774,-205903387.6,-16.52204861,-37.5491903,61.98,0.096171324
556,9/3/2017 0:00,73991.0,72.12237748,0.008417866,-186.377612,241932521.8,24.51640625,53.6417004,102.58,0.128588816
557,9/4/2017 0:00,8668.0,-66.13361826,-0.073533303,-109.702513,-62121466.6,-3.8500868,10.7283401,78.97,0.08172
558,9/5/2017 0:00,-1723.0,-7.13969358,0.046637125,257.946394,-111667953.0,-8.63385417,-37.5491903,142.33,0.13777193
559,9/6/2017 0:00,-19851.0,-4.5554642,-0.143838607,38.755237,-170391312.0,-14.47361111,-26.8208502,198.18,0.116725743
560,9/7/2017 0:00,23114.0,9.45832629,0.05224724,-100.428644,360669779.7,24.17378472,10.7283401,88.44,0.138194286
561,9/8/2017 0:00,-61598.0,-4.58212549,0.029087359,-170.109266,-328917617.1,-21.37291667,-37.5491903,68.98,0.02202193
562,9/9/2017 0:00,-24650.0,0.59715227,0.030989766,-99.488271,88213821.1,6.77274306,5.36417,71.97,0.072072642
563,9/10/2017 0:00,60252.0,-0.54823731,-0.051193365,12.632366,-67659523.7,-10.72395833,16.0925102,93.84,0.130627778
564,9/11/2017 0:00,2738.0,-1.90604524,-0.01516879,26.186966,55942336.5,6.79913194,0.0,94.13,0.039722794
565,9/12/2017 0:00,7090.0,12.65340765,0.091165025,-300.099304,262418629.0,12.74730903,80.4625506,59.02,0.147549065
566,9/13/2017 0:00,4748.0,7.64003775,0.106828972,-322.579274,289158028.2,20.45659722,64.3700405,71.31,0.120295706
567,9/14/2017 0:00,24011.0,6.59993286,0.015669663,-209.560939,344721599.0,26.63498264,48.2775303,120.33,0.095488263
568,9/15/2017 0:00,-63822.0,-17.1233306,0.030640285,296.14824,-765117514.9,-48.29921875,-139.468421,72.36,0.03650303
569,9/16/2017 0:00,-30574.0,-8.37339864,0.098025803,-64.277179,-224924512.7,-17.14748264,-64.3700405,46.38,0.072190244
570,9/17/2017 0:00,20521.0,3.74132038,-0.01019717,283.690904,200836466.9,14.73168403,42.9133603,121.57,0.054780374
571,9/18/2017 0:00,64713.0,-3.19284505,-0.035405716,10.475169,-73360824.4,-9.60963542,-16.0925101,68.55,0.121677236
572,9/19/2017 0:00,-47194.0,-3.33486693,-0.137262684,-30.905842,-117950311.9,-9.96944444,-32.1850203,58.25,0.093347857
573,9/20/2017 0:00,19534.0,3.55907242,0.012782224,-139.514224,150344434.2,8.62690972,10.7283401,52.37,0.104672152
574,9/21/2017 0:00,-27642.0,-0.8253541,0.129772597,-172.519442,-90698098.8,-5.30329861,-10.7283401,55.35,0.094504082
575,9/22/2017 0:00,-23754.0,-4.71823037,-0.034691404,78.361895,-137473145.5,-6.31267361,-42.9133603,63.09,0.123227869
576,9/23/2017 0:00,-18584.0,-1.41795109,-0.014092898,-21.111878,-59428343.8,-4.9453125,0.0,77.2,0.075010596
577,9/24/2017 0:00,41326.0,2.0481071,0.012260005,125.752565,167623467.5,8.38810764,10.7283401,118.2,0.075652101
578,9/25/2017 0:00,37045.0,-3.326626364,-0.005233306,95.13939,-110413696.7,-4.67230903,0.0,105.42,0.092792222
579,9/26/2017 0:00,-5687.0,0.504967714,-0.040115299,115.446951,193634723.4,10.07517361,10.7283401,58.14,0.113741259
580,9/27/2017 0:00,18015.0,4.18429713,0.037375614,152.238358,-87352228.8,-1.21736111,-5.3641701,63.54,0.115805422
581,9/28/2017 0:00,-21538.0,-0.17407017,-0.006671896,-47.229664,17267501.4,-2.74114584,-5.36417,103.05,0.073451
582,9/29/2017 0:00,-41760.0,-4.201031009,-0.006079648,132.126852,-87040037.5,-4.65460069,-5.36417,107.61,0.111395588
583,9/30/2017 0:00,-9025.0,-0.451643043,-0.003708983,36.927435,-24466693.9,0.15926339,-5.3641701,44.96,0.156204242
584,10/1/2017 0:00,91349.0,1.765202202,0.075880039,95.095692,49714296.3,6.1655754,21.4566802,67.15,0.033559677
585,10/2/2017 0:00,-12870.0,-0.0381705,0.05940777,-91.662775,26056396.3,0.39236111,-5.3641701,75.31,0.115139855
586,10/3/2017 0:00,-49306.0,-2.107276426,0.018665998,-66.506131,-59258629.6,-3.97142857,5.3641701,52.47,0.065171552
587,10/4/2017 0:00,40417.0,0.909565457,-0.056596877,5.899955,-7991650.2,0.92519841,-21.4566802,48.06,0.100987931
588,10/5/2017 0:00,10456.0,-1.394171168,-0.005542023,98.546374,10880193.2,-2.43769841,-10.7283401,40.99,0.091461435
589,10/6/2017 0:00,-52473.0,-1.18070714,-0.014052998,-6.15905,-83382155.1,-4.99474206,0.0,85.68,0.087174432
590,10/7/2017 0:00,7159.0,1.711916292,-0.004582004,144.686615,111862935.7,7.99871031,16.0925102,35.77,0.162500833
591,10/8/2017 0:00,58561.0,4.041113025,0.029040012,146.768101,183708961.1,12.39007937,42.9133603,89.65,0.170865354
592,10/9/2017 0:00,6155.0,0.49373996,0.147022851,167.950162,-38010037.4,-3.08928572,0.0,42.94,0.07511411
593,10/10/2017 0:00,-10642.0,-3.709222605,-0.021954529,-25.658141,-111956057.6,-7.94771825,-5.3641701,74.46,0.054546185
594,10/11/2017 0:00,705.0,8.580873695,-0.058950299,318.700006,456247870.9,26.76140873,118.0117409,60.44,0.069469677
595,10/12/2017 0:00,16655.0,13.17005396,0.192472072,492.418747,296903125.9,14.96537698,101.9192308,37.61,0.103341346
596,10/13/2017 0:00,-16679.0,-16.01300479,0.152923765,52.205844,-675343377.2,-35.82301587,-139.4684211,63.88,0.060729193
597,10/14/2017 0:00,-9667.0,3.85542729,0.02426572,-45.65338,178075570.7,5.77678572,-26.8208502,61.43,0.112373684
598,10/15/2017 0:00,31252.0,-3.27583051,-0.007208762,51.916089,-199454015.6,-5.75287699,0.0,65.84,0.118540444
599,10/16/2017 0:00,19713.0,-1.64451222,-0.139943146,-37.576125,2931350.1,0.75823413,-5.36417,98.42,0.123609615
600,10/17/2017 0:00,-4859.0,7.35452322,-0.008971826,-209.185398,340703473.1,15.7953373,5.36417,49.38,0.060465341
601,10/18/2017 0:00,27406.0,-6.01940925,-0.043218439,231.736266,-293899334.7,-15.87718254,-16.0925101,100.11,0.097736441
602,10/19/2017 0:00,-44576.0,16.73583906,-0.014465807,135.57878,280461002.0,9.52668651,48.2775304,82.48,0.090700606
603,10/20/2017 0:00,-152.0,-13.64896373,0.104647479,283.592259,-76276542.5,-1.35297619,37.5491903,62.32,0.155546766
604,10/21/2017 0:00,-23126.0,2.99115887,-0.004460834,-144.429831,-86120311.0,-4.90376984,-59.0058705,59.05,0.126975521
605,10/22/2017 0:00,26965.0,2.17663424,-0.012414966,-33.780229,184123687.4,10.16825396,48.2775304,108.51,0.123913971
606,10/23/2017 0:00,31124.0,-0.72818904,0.013242208,-218.677732,-14589035.4,6.62777778,10.7283401,136.2,0.111015432
607,10/24/2017 0:00,-31805.0,-2.35110625,-0.116780344,-111.175423,-186550684.4,-11.65515873,-16.0925102,37.25,0.070544286
608,10/25/2017 0:00,-49588.0,-4.10461849,0.059730262,270.389561,-30199157.8,-3.52738095,-16.0925101,60.11,0.099091346
609,10/26/2017 0:00,-19135.0,-0.33765338,0.095345728,2.15151,-37435909.7,-3.72480159,-37.5491903,114.37,0.124879268
610,10/27/2017 0:00,-39626.0,-3.55319264,-0.03600819,-69.773498,-159719369.9,-8.8360119,-48.2775303,87.39,0.065392821
611,10/28/2017 0:00,126959.0,10.20493963,0.020676735,114.36575,633911241.3,12.83105159,32.1850202,58.75,0.119176549
612,10/29/2017 0:00,-17948.0,-9.24899926,-0.060438235,231.37722,-504281205.1,-7.10367064,37.5491903,105.5,0.047695522
613,10/30/2017 0:00,-38542.0,-0.73281474,-0.014464364,127.387124,134576433.0,7.60267857,42.9133603,64.62,0.123422727
614,10/31/2017 0:00,73994.0,8.05859915,0.145479572,270.572103,210773336.4,19.79295635,75.0983806,50.39,0.105824812
615,11/1/2017 0:00,-10055.0,18.68403352,0.16121149,462.601532,635924445.3,34.74178241,139.468421,66.7,0.095806667
616,11/2/2017 0:00,-63876.0,-11.9963831,-0.065542885,265.64791,-460152055.9,-25.48865741,-69.7342105,85.31,0.059922936
617,11/3/2017 0:00,16523.0,-5.07513975,-0.025364636,12.732353,-292994014.6,-23.86296296,-96.5550607,103.89,0.199575342
618,11/4/2017 0:00,-42393.0,-1.48126809,-0.410396012,209.978326,22390579.4,2.46585648,-16.0925101,63.24,0.092956024
619,11/5/2017 0:00,19301.0,7.94146182,-0.11205043,-205.440564,301511474.0,17.19988426,32.1850202,120.72,0.045513636
620,11/6/2017 0:00,64607.0,-8.54545855,-0.013602125,-132.779897,-371977928.7,-19.28622685,-21.4566801,92.35,0.118468293
621,11/7/2017 0:00,-34290.0,14.94367592,-0.265781359,252.684536,818940968.8,33.20497685,37.5491902,100.93,0.050838991
622,11/8/2017 0:00,39935.0,-6.96775898,0.058683082,-120.167956,-637924640.6,-19.50486111,-26.8208502,67.48,0.134212329
623,11/9/2017 0:00,-69536.0,17.62432974,0.138766988,-294.689207,555725030.6,32.82337963,69.7342106,65.11,0.134584416
624,11/10/2017 0:00,-77111.0,-2.72167526,-0.140124949,-403.200077,-355246516.8,-16.70462963,-10.7283401,56.77,0.083802041
625,11/11/2017 0:00,-8668.0,11.79869015,0.743644305,-436.760149,1014206965.8,50.75879632,91.1908907,61.32,0.110956497
626,11/12/2017 0:00,123333.0,-14.84476148,0.115160416,245.105425,-593951656.0,-28.0144676,-53.6417004,170.54,0.081282042
627,11/13/2017 0:00,-37304.0,-18.7218616,-0.032011305,246.415307,-689415856.8,-41.10972224,-101.9192308,134.97,0.047585294
628,11/14/2017 0:00,49793.0,4.02110775,0.001659497,444.576722,353855008.8,13.63576389,5.36417,107.88,0.089438782
629,11/15/2017 0:00,-11392.0,5.30378322,0.080164807,416.639231,190733181.0,6.425,0.0,58.1,0.07278479
630,11/16/2017 0:00,-3779.0,3.22273618,0.045880913,352.479606,-129330660.0,-4.59386574,66.263277,83.79,0.143985944
631,11/17/2017 0:00,-35743.0,-7.58496088,0.004118875,-125.632463,-492294210.6,-23.9681713,-110.4387949,98.62,0.078023676
632,11/18/2017 0:00,-6019.0,-6.24583178,-0.053921898,120.254296,-12388802.3,-5.66574074,-22.087759,52.98,0.130217568
633,11/19/2017 0:00,71349.0,-4.35223127,-0.026958482,269.220263,56587188.1,7.20659722,110.4387949,119.38,0.067007143
634,11/20/2017 0:00,34887.0,14.46053757,0.086289793,65.880327,416388990.8,18.15046297,22.087759,79.5,0.0858832
635,11/21/2017 0:00,-59058.0,-11.24051469,0.026328077,21.224423,-531881738.5,-24.52974537,-66.263277,199.49,0.117848045
636,11/22/2017 0:00,40174.0,-1.16604113,-0.009337589,-2.755795,15796084.1,1.09155092,-44.1755179,52.93,0.097929825
637,11/23/2017 0:00,-46472.0,5.30483713,-0.187507128,-16.715658,141696387.3,8.32256945,0.0,61.97,0.094346429
638,11/24/2017 0:00,30954.0,-2.24991717,-0.957857124,295.293583,73203266.3,-2.55011575,44.1755179,34.88,0.177441489
639,11/25/2017 0:00,-7012.0,14.43191958,0.315839479,580.486587,434171040.8,19.30462963,154.614313,48.73,0.181888166
640,11/26/2017 0:00,49579.0,-1.192651,0.118494812,548.997557,25385177.0,5.81898149,176.7020719,105.07,0.16645896
641,11/27/2017 0:00,-13279.0,-10.54154075,0.017218971,260.349846,-259145167.1,-6.70995371,132.5265539,31.11,0.146884332
642,11/28/2017 0:00,32113.0,86.14011029,0.243993262,610.884034,2476574382.1,101.19502318,508.0184564,206.63,0.065322426
643,11/29/2017 0:00,-13704.0,-15.58572744,-0.07929407,-493.853241,-1123366996.0,-39.7765047,-242.965348,103.98,0.15435084
644,11/30/2017 0:00,28522.0,-32.20127747,-0.169621563,262.922731,-657801465.0,-34.00358792,-287.1408674,101.48,0.054883333
645,12/1/2017 0:00,-86554.0,-24.76999351,0.130113278,741.22499,-624514395.0,-28.93078704,-154.6143129,86.95,0.129324352
646,12/2/2017 0:00,26690.0,20.65909933,0.109134313,349.73773,759934909.0,22.44039352,0.0,93.82,0.133727083
647,12/3/2017 0:00,47642.0,67.01090369,0.019424549,86.26344,-472625762.0,-13.25243056,110.438795,87.52,0.076210345
648,12/4/2017 0:00,5023.0,-91.29090038,-0.016713668,327.62327,-193751333.0,-3.88414351,-22.087759,101.07,0.105605229
649,12/5/2017 0:00,37878.0,27.61827922,-0.161523317,941.98403,1301911470.0,69.24363421,309.2286263,95.44,0.09295303
650,12/6/2017 0:00,-68670.0,81.79020166,0.384006662,2404.45164,2082223057.0,75.4327547,993.949154,57.79,0.150873756
651,12/7/2017 0:00,10175.0,35.264109,-0.244769134,689.22784,-427802309.0,-12.8622685,-176.702072,40.69,0.096004082
652,12/8/2017 0:00,18307.0,-61.3846093,0.294666458,-602.57098,-1704619109.0,-64.6811343,-596.369493,63.52,0.16166213
653,12/9/2017 0:00,-61979.0,29.742408,-0.312082586,-621.78391,726137847.0,25.8251157,-88.351036,129.89,0.192684
654,12/10/2017 0:00,27178.0,-53.22804646,0.005039406,1951.14327,-398847322.0,-23.9723379,154.614313,87.45,0.104069492
655,12/11/2017 0:00,4379.0,-1.27338253,-0.029320996,407.27071,-528335623.0,-5.7215278,-22.087759,81.46,0.157145848
656,12/12/2017 0:00,51602.0,11.82118829,0.051447324,-196.52355,105971695.0,-7.5621528,-154.614313,66.43,0.160231455
657,12/13/2017 0:00,66065.0,-28.76335371,-0.064030198,-213.52376,-703694571.0,-24.8440972,-154.614312,52.01,0.116468644
658,12/14/2017 0:00,-84968.0,0.63454569,-0.247472988,1022.11068,700810042.0,20.3145833,-88.3510364,32.59,0.156250365
659,12/15/2017 0:00,-41454.0,8.4705153,-0.195081264,855.45008,-487762361.0,-18.1900463,-22.087759,104.84,0.086275635
660,12/16/2017 0:00,27688.0,-10.34688835,0.573928475,1038.03105,120574441.0,3.8390047,132.5265544,95.65,0.128768235
661,12/17/2017 0:00,2329.0,10.08887062,0.044074426,-541.22792,242736975.0,3.9163194,0.0,141.38,0.128919251
662,12/18/2017 0:00,-15617.0,21.85732205,-0.079025679,-435.93482,506413391.0,25.8982639,44.175518,94.77,0.164641989
663,12/19/2017 0:00,-8345.0,60.748879,-0.104702279,-1508.57038,709927332.0,40.5836806,463.842938,82.4,0.106548148
664,12/20/2017 0:00,-34795.0,-57.9969199,-0.244234822,-604.25543,-1062890820.0,-27.4395834,-441.755179,57.2,0.086189598
665,12/21/2017 0:00,45166.0,190.4168299,0.553029539,-2418.22332,3126980469.0,131.9228009,1104.387949,92.94,0.092332558
666,12/22/2017 0:00,-72437.0,-180.6754425,0.305352768,1069.9933,-3453740424.0,-146.4653935,-839.334842,72.69,0.171236676
667,12/23/2017 0:00,-28688.0,14.7570369,0.113140501,-1152.56361,-75762665.0,-15.0855324,-353.404143,133.94,0.130355985
668,12/24/2017 0:00,-50597.0,-38.47634601,-0.144551279,295.67848,-680579045.0,-42.33946757,-88.3510364,158.85,0.179543934
669,12/25/2017 0:00,18514.0,-4.21541814,-0.038360466,1330.1386,605622492.0,26.69918977,-66.263277,101.81,0.182654902
670,12/26/2017 0:00,60202.0,14.17422975,-0.537436019,362.97743,-45456633.0,6.4409723,-44.175518,106.31,0.046980749
671,12/27/2017 0:00,-2589.0,11.3322718,-0.138012604,-1275.14424,236444476.0,8.0877314,0.0,58.44,0.091528916
672,12/28/2017 0:00,48771.0,-34.04968703,-0.010067096,160.19164,-586805387.0,-22.9263888,-88.3510359,63.24,0.060491558
673,12/29/2017 0:00,-9417.0,26.40762443,0.264249586,-1276.92765,539564777.0,37.8010416,0.0,146.43,0.138309494
674,12/30/2017 0:00,-53985.0,-26.7008516,-0.158294202,134.70579,-721573532.0,-46.71412035,-132.526554,45.33,0.083181726
675,12/31/2017 0:00,-46654.0,-15.67536906,0.136547912,151.37286,-393608657.0,-26.53506944,-22.087759,174.9,0.138356742
676,1/1/2018 0:00,97212.0,5.76848193,0.394017085,404.46748,843962420.0,45.19409719,132.526554,178.3,0.111465
677,1/2/2018 0:00,54983.0,-8.76636277,0.113415733,1014.28997,-356974900.0,-10.4613426,-22.087759,111.2,0.123890323
678,1/3/2018 0:00,29045.0,4.85878074,-0.160570418,-164.11089,266615670.0,14.2931713,-22.087759,52.45,0.088380469
679,1/4/2018 0:00,-82301.0,7.11765626,0.04329597,1048.07345,334118237.0,12.5494213,-22.087759,243.48,0.104799533
680,1/5/2018 0:00,16140.0,-5.94422623,0.177656446,861.66826,-783452082.0,-39.16574071,-44.175518,108.68,0.114460694
681,1/6/2018 0:00,9340.0,-4.0890386,0.022709552,-105.59972,-56382092.0,-9.69375,-22.087759,83.81,0.115608995
682,1/7/2018 0:00,-22515.0,34.38362104,-0.024534311,-1149.14929,896195704.0,42.55983801,66.263277,164.82,0.139865605
683,1/8/2018 0:00,14593.0,-22.82982812,-0.175626948,-449.48358,-610419677.0,-24.32534727,-22.087759,77.28,0.121714935
684,1/9/2018 0:00,-12872.0,6.87529319,0.066520106,-687.81278,350732625.0,23.98657407,0.0,157.58,0.099655705
685,1/10/2018 0:00,-9434.0,29.82767292,0.049890701,-469.63967,216889509.0,2.1387732,110.438795,89.24,0.143015306
686,1/11/2018 0:00,-37868.0,-42.29985341,-0.457788617,-41.21208,-812829820.0,-38.32835653,-132.526554,111.77,0.070400439
687,1/12/2018 0:00,-34356.0,-13.73287385,-0.404962155,513.53618,-280093828.2,-16.52523148,-88.3510359,110.18,0.095929687
688,1/13/2018 0:00,-30690.0,-0.05606923,0.114777538,-524.85272,50475209.8,6.54305555,-22.087759,172.4,0.09797686
689,1/14/2018 0:00,38578.0,-3.88998923,-0.151813458,100.36449,55807026.8,0.82256945,-22.087759,177.59,0.096367153
690,1/15/2018 0:00,30102.0,145.90541562,0.061010668,-1664.26922,2340921551.6,148.58449071,485.9306978,273.25,0.109654054
691,1/16/2018 0:00,12046.0,-41.4986804,0.62543967,-1565.61565,-220821264.0,11.5113426,309.2286254,61.87,0.131092638
692,1/17/2018 0:00,-6276.0,-59.242831,-0.122355443,833.77174,-1078840229.0,-75.9973379,-375.4919024,62.07,0.120178873
693,1/18/2018 0:00,-65876.0,-20.20905556,-0.012459384,31.68693,-801210074.0,-54.8709491,-220.8775899,116.42,0.144472561
694,1/19/2018 0:00,-3008.0,-8.63454787,0.07299811,978.01936,7836349.0,-0.8648148,-132.5265539,88.73,0.14686
695,1/20/2018 0:00,-24989.0,4.27439874,-0.030979877,-559.26671,4643530.0,-1.7903935,-44.175518,86.02,0.099414815
696,1/21/2018 0:00,29940.0,6.28261609,-0.09920236,-769.912,269719837.0,25.9009259,88.3510359,132.79,0.0641
697,1/22/2018 0:00,26374.0,0.36918764,-0.095283859,-448.65714,-77002344.0,-18.1684028,-22.0877589,111.19,0.093557143
698,1/23/2018 0:00,-21513.0,-17.60430447,-0.17857434,281.88478,-356361466.0,-20.66678241,-44.175518,79.37,0.20253937
699,1/24/2018 0:00,-13843.0,-14.54447548,-0.018550455,269.57971,-146013898.9,-9.73009259,-44.175518,97.61,0.102273529
700,1/25/2018 0:00,-16121.0,12.29206711,0.050017356,-272.63991,391546533.9,16.39513889,22.087759,81.05,0.131230144
701,1/26/2018 0:00,-26881.0,-10.90552724,-0.028425762,207.95383,-449115236.0,-25.05405093,-66.263277,107.56,0.014581879
702,1/27/2018 0:00,19868.0,-10.3981057,-0.026368736,364.99119,-16101595.4,2.80706019,-22.087759,115.08,0.055973039
703,1/28/2018 0:00,18730.0,-1.52860315,-0.035166547,-337.47407,-92390473.3,-3.4212963,0.0,103.54,0.095006122
704,1/29/2018 0:00,4433.0,20.01900637,0.051554687,-589.78192,751900570.7,39.80925925,66.263277,90.41,0.045281169
705,1/30/2018 0:00,-32333.0,17.5761663,-0.012173758,-644.58935,-451075276.0,-15.58657406,22.087759,72.74,0.082938509
706,1/31/2018 0:00,53388.0,-13.90910809,-0.047123177,-526.936762,716105298.0,43.60972226,132.5265539,77.54,0.110922941
707,2/1/2018 0:00,-21746.0,20.78172515,0.029610082,-955.309373,630911306.0,55.3013888,176.7020719,53.4,0.070754122
708,2/2/2018 0:00,-41027.0,-20.23245015,0.161036601,360.500208,-1348128804.0,-88.3668981,-242.9653488,63.41,0.131938506
709,2/3/2018 0:00,-21204.0,-1.70979616,-0.083276192,-181.800374,158072163.0,-3.3472222,-88.351036,46.5,0.13881
710,2/4/2018 0:00,42676.0,18.40157608,0.025135047,-1114.64167,1002148432.0,68.3842592,353.4041438,151.93,0.058520588
711,2/5/2018 0:00,27757.0,22.62994939,-0.252452613,-830.359065,755515827.0,59.6313658,198.7898314,143.93,0.089806211
712,2/6/2018 0:00,-30401.0,-24.87342253,0.274435966,1064.481807,-1076510601.0,-81.7020834,-375.4919033,99.06,0.179443564
713,2/7/2018 0:00,-40430.0,-18.35810301,0.186459847,307.933975,-507873388.0,-42.8550925,-88.3510359,56.05,0.097635256
714,2/8/2018 0:00,4571.0,-9.09639051,-0.017480105,42.166273,-200812426.0,-8.35254634,-88.351036,89.79,0.141699408
715,2/9/2018 0:00,3923.0,2.54422837,-0.031804912,363.129377,4184162.0,3.72696759,-88.351036,87.18,0.125408
716,2/10/2018 0:00,-34575.0,-1.87190394,0.010290248,-436.001336,-316768346.2,-23.18506945,-22.087759,142.25,0.136561491
717,2/11/2018 0:00,39710.0,-10.32674467,-0.03448153,401.102949,88832111.9,-0.26770833,44.175518,135.06,0.115091453
718,2/12/2018 0:00,-3934.0,-6.57817481,0.141756794,14.492907,-219273765.0,-4.89699074,-44.175518,86.9,0.082467153
719,2/13/2018 0:00,13433.0,0.98962356,-0.017818827,389.762478,354135802.3,19.29143518,22.087759,112.42,0.106825466
720,2/14/2018 0:00,1766.0,14.65997446,0.031645424,779.630076,378056307.0,18.05196759,15.645496,109.02,0.0
721,2/15/2018 0:00,-10445.0,-8.15383912,0.157772803,235.52236,-634490074.9,-37.30196759,-46.9364879,84.89,0.0
722,2/16/2018 0:00,-13949.0,-0.87309553,-0.016842893,644.56753,337945709.9,17.04513889,-15.6454959,84.99,0.0
723,2/17/2018 0:00,-14294.0,21.744731,0.034936289,62.61914,314612606.0,19.115162,7.822748,68.23,0.0
724,2/18/2018 0:00,27872.0,-18.53888557,-0.011990035,138.56056,-428898977.0,-30.40775459,-19.55687,109.65,0.0
725,2/19/2018 0:00,11088.0,4.21796497,-0.032583395,652.86185,278901451.0,22.64259259,31.2909919,53.11,0.0
726,2/20/2018 0:00,6746.0,16.97644819,0.032776244,-674.10035,463058931.0,16.0325232,7.822748,83.66,0.0
727,2/21/2018 0:00,-21966.0,-7.68267005,-0.007655913,-527.69959,-216725327.0,-11.7138889,-27.3796179,99.47,0.0
728,2/22/2018 0:00,1958.0,-12.92419058,0.006800254,-275.91529,-331313624.0,-19.76331022,-39.1137399,50.25,0.0
729,2/23/2018 0:00,-30659.0,4.01822547,0.017814363,-70.57824,-137398659.0,-5.05185185,-31.2909919,55.58,0.0
